<?xml version="1.0"?>
<osm version="0.6" upload="false" generator="uvmogr2osm">
  <node lat="-20.386011265" visible="true" lon="-51.365469471" id="-1">
    <tag k="USINA_ID" v="38"/>
    <tag k="NOME" v="ILHA SOLTEIRA"/>
    <tag k="PROPRIET_R" v="CESP - COMPANHIA ENERG&#xC9;TICA DE S&#xC3;O PAULO"/>
    <tag k="LONGITUDE" v="-51.365500"/>
    <tag k="GEO_ID" v="38"/>
    <tag k="SITUA__O" v="EM OPERA&#xC7;&#xC3;O"/>
    <tag k="LATITUDE" v="-20.385900"/>
    <tag k="POT_NCIA" v="3.230.000 kM"/>
  </node>
  <node lat="-21.29986846" visible="true" lon="-49.786664022" id="-2">
    <tag k="USINA_ID" v="39"/>
    <tag k="NOME" v="MARIO LEAO"/>
    <tag k="PROPRIET_R" v="CESP - COMPANHIA ENERG&#xC9;TICA DE S&#xC3;O PAULO"/>
    <tag k="LONGITUDE" v="-49.786700"/>
    <tag k="GEO_ID" v="39"/>
    <tag k="SITUA__O" v="EM OPERA&#xC7;&#xC3;O"/>
    <tag k="LATITUDE" v="-21.299800"/>
    <tag k="POT_NCIA" v="264.000 kW"/>
  </node>
  <node lat="-22.785729678" visible="true" lon="-49.72990169" id="-3">
    <tag k="USINA_ID" v="40"/>
    <tag k="NOME" v="SAO JOAO"/>
    <tag k="PROPRIET_R" v="CESP - COMPANHIA ENERG&#xC9;TICA DE S&#xC3;O PAULO"/>
    <tag k="LONGITUDE" v="-49.729900"/>
    <tag k="GEO_ID" v="40"/>
    <tag k="SITUA__O" v="INVENT&#xC1;RIO"/>
    <tag k="LATITUDE" v="-22.785700"/>
    <tag k="POT_NCIA" v="2.800 kW"/>
  </node>
  <node lat="-22.77837762" visible="true" lon="-49.687360514" id="-4">
    <tag k="USINA_ID" v="41"/>
    <tag k="NOME" v="CORREDEIRA"/>
    <tag k="PROPRIET_R" v="CESP - COMPANHIA ENERG&#xC9;TICA DE S&#xC3;O PAULO"/>
    <tag k="LONGITUDE" v="-49.687400"/>
    <tag k="GEO_ID" v="41"/>
    <tag k="SITUA__O" v="INVENT&#xC1;RIO"/>
    <tag k="LATITUDE" v="-22.778300"/>
    <tag k="POT_NCIA" v="5.000 kW"/>
  </node>
  <node lat="-20.172042516" visible="true" lon="-49.653111543" id="-5">
    <tag k="USINA_ID" v="42"/>
    <tag k="NOME" v="FOZ DO PRETO"/>
    <tag k="PROPRIET_R" v="CESP - COMPANHIA ENERG&#xC9;TICA DE S&#xC3;O PAULO"/>
    <tag k="LONGITUDE" v="-49.653100"/>
    <tag k="GEO_ID" v="42"/>
    <tag k="SITUA__O" v="VIABILIDADE"/>
    <tag k="LATITUDE" v="-20.172000"/>
    <tag k="POT_NCIA" v="20.400 kW"/>
  </node>
  <node lat="-20.303527956" visible="true" lon="-49.223478817" id="-6">
    <tag k="USINA_ID" v="43"/>
    <tag k="NOME" v="MARIMBONDO"/>
    <tag k="PROPRIET_R" v="FURNAS - FURNAS CENTRAIS EL&#xC9;TRICAS"/>
    <tag k="LONGITUDE" v="-49.223500"/>
    <tag k="GEO_ID" v="43"/>
    <tag k="SITUA__O" v="EM OPERA&#xC7;&#xC3;O"/>
    <tag k="LATITUDE" v="-20.303500"/>
    <tag k="POT_NCIA" v="1.440.000 kM"/>
  </node>
  <node lat="-20.238371791" visible="true" lon="-49.390378474" id="-7">
    <tag k="USINA_ID" v="44"/>
    <tag k="NOME" v="TALHADO"/>
    <tag k="PROPRIET_R" v="CESP - COMPANHIA ENERG&#xC9;TICA DE S&#xC3;O PAULO"/>
    <tag k="LONGITUDE" v="-49.390400"/>
    <tag k="GEO_ID" v="44"/>
    <tag k="SITUA__O" v="VIABILIDADE"/>
    <tag k="LATITUDE" v="-20.238300"/>
    <tag k="POT_NCIA" v="15.300 kW"/>
  </node>
  <node lat="-24.419853223" visible="true" lon="-48.744886395" id="-8">
    <tag k="USINA_ID" v="45"/>
    <tag k="NOME" v="CAPOTE"/>
    <tag k="PROPRIET_R" v="MARING - COMPANHIA DE CIMENTO PORTLAND MARING&#xC1;"/>
    <tag k="LONGITUDE" v="-48.744900"/>
    <tag k="GEO_ID" v="45"/>
    <tag k="SITUA__O" v="EM OPERA&#xC7;&#xC3;O"/>
    <tag k="LATITUDE" v="-24.419800"/>
    <tag k="POT_NCIA" v="1.600 kW"/>
  </node>
  <node lat="-24.652062004" visible="true" lon="-48.647316884" id="-9">
    <tag k="USINA_ID" v="46"/>
    <tag k="NOME" v="FUNIL"/>
    <tag k="PROPRIET_R" v="CESP - COMPANHIA ENERG&#xC9;TICA DE S&#xC3;O PAULO"/>
    <tag k="LONGITUDE" v="-48.647300"/>
    <tag k="GEO_ID" v="46"/>
    <tag k="SITUA__O" v="PROJETO B&#xC1;SICO"/>
    <tag k="LATITUDE" v="-24.652000"/>
    <tag k="POT_NCIA" v="150.000 kW"/>
  </node>
  <node lat="-24.628284931" visible="true" lon="-48.570603583" id="-10">
    <tag k="USINA_ID" v="47"/>
    <tag k="NOME" v="BATATAL"/>
    <tag k="PROPRIET_R" v="CESP - COMPANHIA ENERG&#xC9;TICA DE S&#xC3;O PAULO"/>
    <tag k="LONGITUDE" v="-48.570600"/>
    <tag k="GEO_ID" v="47"/>
    <tag k="SITUA__O" v="PROJETO B&#xC1;SICO"/>
    <tag k="LATITUDE" v="-24.628200"/>
    <tag k="POT_NCIA" v="75.000 kW"/>
  </node>
  <node lat="-23.99603375" visible="true" lon="-48.718504243" id="-11">
    <tag k="USINA_ID" v="48"/>
    <tag k="NOME" v="SANTA MARINA"/>
    <tag k="PROPRIET_R" v="MARING - COMPANHIA DE CIMENTO PORTLAND MARING&#xC1;"/>
    <tag k="LONGITUDE" v="-48.718500"/>
    <tag k="GEO_ID" v="48"/>
    <tag k="SITUA__O" v="EM OPERA&#xC7;&#xC3;O"/>
    <tag k="LATITUDE" v="-23.996000"/>
    <tag k="POT_NCIA" v="2.600 kW"/>
  </node>
  <node lat="-24.060027926" visible="true" lon="-48.723602267" id="-12">
    <tag k="USINA_ID" v="49"/>
    <tag k="NOME" v="BARRA"/>
    <tag k="PROPRIET_R" v="MARING - COMPANHIA DE CIMENTO PORTLAND MARING&#xC1;"/>
    <tag k="LONGITUDE" v="-48.723600"/>
    <tag k="GEO_ID" v="49"/>
    <tag k="SITUA__O" v="EM OPERA&#xC7;&#xC3;O"/>
    <tag k="LATITUDE" v="-24.059900"/>
    <tag k="POT_NCIA" v="2.000 kW"/>
  </node>
  <node lat="-23.550168122" visible="true" lon="-48.627262019" id="-13">
    <tag k="USINA_ID" v="50"/>
    <tag k="NOME" v="CONFLUENCIA"/>
    <tag k="PROPRIET_R" v="CESP - COMPANHIA ENERG&#xC9;TICA DE S&#xC3;O PAULO"/>
    <tag k="LONGITUDE" v="-48.627300"/>
    <tag k="GEO_ID" v="50"/>
    <tag k="SITUA__O" v="INVENT&#xC1;RIO"/>
    <tag k="LATITUDE" v="-23.550100"/>
    <tag k="POT_NCIA" v="25.600 kW"/>
  </node>
  <node lat="-22.109476209" visible="true" lon="-48.819595969" id="-14">
    <tag k="USINA_ID" v="51"/>
    <tag k="NOME" v="A. S. LIMA"/>
    <tag k="PROPRIET_R" v="CESP - COMPANHIA ENERG&#xC9;TICA DE S&#xC3;O PAULO"/>
    <tag k="LONGITUDE" v="-48.819600"/>
    <tag k="GEO_ID" v="51"/>
    <tag k="SITUA__O" v="EM OPERA&#xC7;&#xC3;O"/>
    <tag k="LATITUDE" v="-22.109400"/>
    <tag k="POT_NCIA" v="6.000 kW"/>
  </node>
  <node lat="-22.512858518" visible="true" lon="-48.637805184" id="-15">
    <tag k="USINA_ID" v="52"/>
    <tag k="NOME" v="LENCOIS"/>
    <tag k="PROPRIET_R" v="CPFL - COMPANHIA PAULISTA DE FOR&#xC7;A E LUZ"/>
    <tag k="LONGITUDE" v="-48.637800"/>
    <tag k="GEO_ID" v="52"/>
    <tag k="SITUA__O" v="EM OPERA&#xC7;&#xC3;O"/>
    <tag k="LATITUDE" v="-22.512800"/>
    <tag k="POT_NCIA" v="1.680 kW"/>
  </node>
  <node lat="-22.537243665" visible="true" lon="-48.493016541" id="-16">
    <tag k="USINA_ID" v="53"/>
    <tag k="NOME" v="BARRA BONITA"/>
    <tag k="PROPRIET_R" v="CESP - COMPANHIA ENERG&#xC9;TICA DE S&#xC3;O PAULO"/>
    <tag k="LONGITUDE" v="-48.493000"/>
    <tag k="GEO_ID" v="53"/>
    <tag k="SITUA__O" v="EM OPERA&#xC7;&#xC3;O"/>
    <tag k="LATITUDE" v="-22.537200"/>
    <tag k="POT_NCIA" v="140.760 kW"/>
  </node>
  <node lat="-21.817184141" visible="true" lon="-48.642754262" id="-17">
    <tag k="USINA_ID" v="54"/>
    <tag k="NOME" v="SANTA FE"/>
    <tag k="PROPRIET_R" v="STA F&#xC9; - USINA STA F&#xC9; LTDA"/>
    <tag k="LONGITUDE" v="-48.642800"/>
    <tag k="GEO_ID" v="54"/>
    <tag k="SITUA__O" v="INVENT&#xC1;RIO"/>
    <tag k="LATITUDE" v="-21.817100"/>
    <tag k="POT_NCIA" v="1.000 kW"/>
  </node>
  <node lat="-21.856624331" visible="true" lon="-48.501043627" id="-18">
    <tag k="USINA_ID" v="55"/>
    <tag k="NOME" v="DIAMANTINA"/>
    <tag k="PROPRIET_R" v="CPFL - COMPANHIA PAULISTA DE FOR&#xC7;A E LUZ"/>
    <tag k="LONGITUDE" v="-48.501100"/>
    <tag k="GEO_ID" v="55"/>
    <tag k="SITUA__O" v="INVENT&#xC1;RIO"/>
    <tag k="LATITUDE" v="-21.856500"/>
    <tag k="POT_NCIA" v="6.000 kW"/>
  </node>
  <node lat="-20.131231371" visible="true" lon="-48.586040266" id="-19">
    <tag k="USINA_ID" v="56"/>
    <tag k="NOME" v="P. COLOMBIA"/>
    <tag k="PROPRIET_R" v="FURNAS - FURNAS CENTRAIS EL&#xC9;TRICAS"/>
    <tag k="LONGITUDE" v="-48.586100"/>
    <tag k="GEO_ID" v="56"/>
    <tag k="SITUA__O" v="EM OPERA&#xC7;&#xC3;O"/>
    <tag k="LATITUDE" v="-20.131200"/>
    <tag k="POT_NCIA" v="320.000 kW"/>
  </node>
  <node lat="-20.054302062" visible="true" lon="-48.249935822" id="-20">
    <tag k="USINA_ID" v="57"/>
    <tag k="NOME" v="V. GRANDE"/>
    <tag k="PROPRIET_R" v="CEMIG - CENTRAIS EL&#xC9;TRICAS DE MINAS GERAIS"/>
    <tag k="LONGITUDE" v="-48.249900"/>
    <tag k="GEO_ID" v="57"/>
    <tag k="SITUA__O" v="EM OPERA&#xC7;&#xC3;O"/>
    <tag k="LATITUDE" v="-20.054200"/>
    <tag k="POT_NCIA" v="400.000 kW"/>
  </node>
  <node lat="-20.203955529" visible="true" lon="-48.288649972" id="-21">
    <tag k="USINA_ID" v="58"/>
    <tag k="NOME" v="SAO DOMINGOS"/>
    <tag k="PROPRIET_R" v="CPFL - COMPANHIA PAULISTA DE FOR&#xC7;A E LUZ"/>
    <tag k="LONGITUDE" v="-48.288700"/>
    <tag k="GEO_ID" v="58"/>
    <tag k="SITUA__O" v="VIABILIDADE"/>
    <tag k="LATITUDE" v="-20.203900"/>
    <tag k="POT_NCIA" v="14.000 kM"/>
  </node>
  <node lat="-20.306342918" visible="true" lon="-48.136791372" id="-22">
    <tag k="USINA_ID" v="59"/>
    <tag k="NOME" v="MONJOLINHO"/>
    <tag k="PROPRIET_R" v="CPFL - COMPANHIA PAULISTA DE FOR&#xC7;A E LUZ"/>
    <tag k="LONGITUDE" v="-48.136800"/>
    <tag k="GEO_ID" v="59"/>
    <tag k="SITUA__O" v="EM OPERA&#xC7;&#xC3;O"/>
    <tag k="LATITUDE" v="-20.306300"/>
    <tag k="POT_NCIA" v="21.000 kW"/>
  </node>
  <node lat="-20.37510214" visible="true" lon="-48.484345752" id="-23">
    <tag k="USINA_ID" v="60"/>
    <tag k="NOME" v="BARRETOS"/>
    <tag k="PROPRIET_R" v="CPFL - COMPANHIA PAULISTA DE FOR&#xC7;A E LUZ"/>
    <tag k="LONGITUDE" v="-48.484400"/>
    <tag k="GEO_ID" v="60"/>
    <tag k="SITUA__O" v="VIABILIDADE"/>
    <tag k="LATITUDE" v="-20.375000"/>
    <tag k="POT_NCIA" v="51.000 kW"/>
  </node>
  <node lat="-20.680943191" visible="true" lon="-48.387422364" id="-24">
    <tag k="USINA_ID" v="61"/>
    <tag k="NOME" v="JABORANDI"/>
    <tag k="PROPRIET_R" v="CPFL - COMPANHIA PAULISTA DE FOR&#xC7;A E LUZ"/>
    <tag k="LONGITUDE" v="-48.387400"/>
    <tag k="GEO_ID" v="61"/>
    <tag k="SITUA__O" v="VIABILIDADE"/>
    <tag k="LATITUDE" v="-20.680900"/>
    <tag k="POT_NCIA" v="51.000 kW"/>
  </node>
  <node lat="-20.849594772" visible="true" lon="-48.284072861" id="-25">
    <tag k="USINA_ID" v="62"/>
    <tag k="NOME" v="VIRADOURO"/>
    <tag k="PROPRIET_R" v="CPFL - COMPANHIA PAULISTA DE FOR&#xC7;A E LUZ"/>
    <tag k="LONGITUDE" v="-48.284100"/>
    <tag k="GEO_ID" v="62"/>
    <tag k="SITUA__O" v="VIABILIDADE"/>
    <tag k="LATITUDE" v="-20.849500"/>
    <tag k="POT_NCIA" v="45.000 kW"/>
  </node>
  <node lat="-22.268576667" visible="true" lon="-48.224712485" id="-26">
    <tag k="USINA_ID" v="63"/>
    <tag k="NOME" v="INDEPEDENCIA"/>
    <tag k="PROPRIET_R" v="CPFL - COMPANHIA PAULISTA DE FOR&#xC7;A E LUZ"/>
    <tag k="LONGITUDE" v="-48.224700"/>
    <tag k="GEO_ID" v="63"/>
    <tag k="SITUA__O" v="INVENT&#xC1;RIO"/>
    <tag k="LATITUDE" v="-22.268500"/>
    <tag k="POT_NCIA" v="500 kW"/>
  </node>
  <node lat="-21.852489248" visible="true" lon="-48.343245007" id="-27">
    <tag k="USINA_ID" v="64"/>
    <tag k="NOME" v="R. GRANDE"/>
    <tag k="PROPRIET_R" v="CPFL - COMPANHIA PAULISTA DE FOR&#xC7;A E LUZ"/>
    <tag k="LONGITUDE" v="-48.343300"/>
    <tag k="GEO_ID" v="64"/>
    <tag k="SITUA__O" v="INVENT&#xC1;RIO"/>
    <tag k="LATITUDE" v="-21.852400"/>
    <tag k="POT_NCIA" v="6.000 kW"/>
  </node>
  <node lat="-21.853551313" visible="true" lon="-48.393948217" id="-28">
    <tag k="USINA_ID" v="65"/>
    <tag k="NOME" v="STA. CANDIDA"/>
    <tag k="PROPRIET_R" v="CPFL - COMPANHIA PAULISTA DE FOR&#xC7;A E LUZ"/>
    <tag k="LONGITUDE" v="-48.394000"/>
    <tag k="GEO_ID" v="65"/>
    <tag k="SITUA__O" v="INVENT&#xC1;RIO"/>
    <tag k="LATITUDE" v="-21.853500"/>
    <tag k="POT_NCIA" v="6.000 kW"/>
  </node>
  <node lat="-21.84972322" visible="true" lon="-48.457464497" id="-29">
    <tag k="USINA_ID" v="66"/>
    <tag k="NOME" v="G. PEIXOTO"/>
    <tag k="PROPRIET_R" v="CPFL - COMPANHIA PAULISTA DE FOR&#xC7;A E LUZ"/>
    <tag k="LONGITUDE" v="-48.457500"/>
    <tag k="GEO_ID" v="66"/>
    <tag k="SITUA__O" v="EM OPERA&#xC7;&#xC3;O"/>
    <tag k="LATITUDE" v="-21.849600"/>
    <tag k="POT_NCIA" v="4.200 kW"/>
  </node>
  <node lat="-22.092798116" visible="true" lon="-48.424095291" id="-30">
    <tag k="USINA_ID" v="67"/>
    <tag k="NOME" v="J. PEPIRA"/>
    <tag k="PROPRIET_R" v="CPFL - COMPANHIA PAULISTA DE FOR&#xC7;A E LUZ"/>
    <tag k="LONGITUDE" v="-48.424100"/>
    <tag k="GEO_ID" v="67"/>
    <tag k="SITUA__O" v="INVENT&#xC1;RIO"/>
    <tag k="LATITUDE" v="-22.092700"/>
    <tag k="POT_NCIA" v="2.500 kW"/>
  </node>
  <node lat="-22.058544932" visible="true" lon="-48.08609295" id="-31">
    <tag k="USINA_ID" v="68"/>
    <tag k="NOME" v="SANTANA"/>
    <tag k="PROPRIET_R" v="CPFL - COMPANHIA PAULISTA DE FOR&#xC7;A E LUZ"/>
    <tag k="LONGITUDE" v="-48.086100"/>
    <tag k="GEO_ID" v="68"/>
    <tag k="SITUA__O" v="EM OPERA&#xC7;&#xC3;O"/>
    <tag k="LATITUDE" v="-22.058500"/>
    <tag k="POT_NCIA" v="4.100 kW"/>
  </node>
  <node lat="-22.032207852" visible="true" lon="-48.111008001" id="-32">
    <tag k="USINA_ID" v="69"/>
    <tag k="NOME" v="STO. INACIO"/>
    <tag k="PROPRIET_R" v="CPFL - COMPANHIA PAULISTA DE FOR&#xC7;A E LUZ"/>
    <tag k="LONGITUDE" v="-48.111000"/>
    <tag k="GEO_ID" v="69"/>
    <tag k="SITUA__O" v="INVENT&#xC1;RIO"/>
    <tag k="LATITUDE" v="-22.032100"/>
    <tag k="POT_NCIA" v="4.500 kW"/>
  </node>
  <node lat="-22.029606858" visible="true" lon="-48.000401518" id="-33">
    <tag k="USINA_ID" v="70"/>
    <tag k="NOME" v="MONJOLINHO"/>
    <tag k="PROPRIET_R" v="CPFL - COMPANHIA PAULISTA DE FOR&#xC7;A E LUZ"/>
    <tag k="LONGITUDE" v="-48.000400"/>
    <tag k="GEO_ID" v="70"/>
    <tag k="SITUA__O" v="EM OPERA&#xC7;&#xC3;O"/>
    <tag k="LATITUDE" v="-22.029500"/>
    <tag k="POT_NCIA" v="450 kW"/>
  </node>
  <node lat="-22.096525872" visible="true" lon="-46.676063995" id="-34">
    <tag k="USINA_ID" v="176"/>
    <tag k="NOME" v="SAO GERALDO"/>
    <tag k="PROPRIET_R" v="CESP - COMPANHIA ENERG&#xC9;TICA DE S&#xC3;O PAULO"/>
    <tag k="LONGITUDE" v="-46.676100"/>
    <tag k="GEO_ID" v="176"/>
    <tag k="SITUA__O" v="INVENT&#xC1;RIO"/>
    <tag k="LATITUDE" v="-22.096500"/>
    <tag k="POT_NCIA" v="2.200 kW"/>
  </node>
  <node lat="-22.10245979" visible="true" lon="-46.607580773" id="-35">
    <tag k="USINA_ID" v="177"/>
    <tag k="NOME" v="SANTO ANTONIO"/>
    <tag k="PROPRIET_R" v="CESP - COMPANHIA ENERG&#xC9;TICA DE S&#xC3;O PAULO"/>
    <tag k="LONGITUDE" v="-46.607600"/>
    <tag k="GEO_ID" v="177"/>
    <tag k="SITUA__O" v="INVENT&#xC1;RIO"/>
    <tag k="LATITUDE" v="-22.102400"/>
    <tag k="POT_NCIA" v="1.400 kW"/>
  </node>
  <node lat="-22.022781653" visible="true" lon="-46.739742291" id="-36">
    <tag k="USINA_ID" v="178"/>
    <tag k="NOME" v="SAO JOSE"/>
    <tag k="PROPRIET_R" v="CESP - COMPANHIA ENERG&#xC9;TICA DE S&#xC3;O PAULO"/>
    <tag k="LONGITUDE" v="-46.739800"/>
    <tag k="GEO_ID" v="178"/>
    <tag k="SITUA__O" v="EM OPERA&#xC7;&#xC3;O"/>
    <tag k="LATITUDE" v="-22.022700"/>
    <tag k="POT_NCIA" v="3.500 kW"/>
  </node>
  <node lat="-22.057492657" visible="true" lon="-46.710970213" id="-37">
    <tag k="USINA_ID" v="179"/>
    <tag k="NOME" v="SANTA INES"/>
    <tag k="PROPRIET_R" v="CESP - COMPANHIA ENERG&#xC9;TICA DE S&#xC3;O PAULO"/>
    <tag k="LONGITUDE" v="-46.711000"/>
    <tag k="GEO_ID" v="179"/>
    <tag k="SITUA__O" v="DESATIVADA"/>
    <tag k="LATITUDE" v="-22.057400"/>
    <tag k="POT_NCIA" v="1.600 kW"/>
  </node>
  <node lat="-22.754934096" visible="true" lon="-46.659687863" id="-38">
    <tag k="USINA_ID" v="180"/>
    <tag k="NOME" v="FEIXOS"/>
    <tag k="PROPRIET_R" v="CPFL - COMPANHIA PAULISTA DE FOR&#xC7;A E LUZ"/>
    <tag k="LONGITUDE" v="-46.659700"/>
    <tag k="GEO_ID" v="180"/>
    <tag k="SITUA__O" v="DESATIVADA"/>
    <tag k="LATITUDE" v="-22.754900"/>
    <tag k="POT_NCIA" v="1.000 kW"/>
  </node>
  <node lat="-21.582148043" visible="true" lon="-46.688531215" id="-39">
    <tag k="USINA_ID" v="181"/>
    <tag k="NOME" v="CACONDE"/>
    <tag k="PROPRIET_R" v="CESP - COMPANHIA ENERG&#xC9;TICA DE S&#xC3;O PAULO"/>
    <tag k="LONGITUDE" v="-46.688500"/>
    <tag k="GEO_ID" v="181"/>
    <tag k="SITUA__O" v="EM OPERA&#xC7;&#xC3;O"/>
    <tag k="LATITUDE" v="-21.582100"/>
    <tag k="POT_NCIA" v="80.400 kW"/>
  </node>
  <node lat="-22.890563124" visible="true" lon="-44.904543465" id="-40">
    <tag k="USINA_ID" v="182"/>
    <tag k="NOME" v="BOCAINA"/>
    <tag k="PROPRIET_R" v="ELETPA - ELETRICIDADE DE S&#xC3;O PAULO - ELETROPAULO"/>
    <tag k="LONGITUDE" v="-44.904600"/>
    <tag k="GEO_ID" v="182"/>
    <tag k="SITUA__O" v="DESATIVADA"/>
    <tag k="LATITUDE" v="-22.890500"/>
    <tag k="POT_NCIA" v="640 kW"/>
  </node>
  <node lat="-23.823846469" visible="true" lon="-45.341147034" id="-41">
    <tag k="USINA_ID" v="183"/>
    <tag k="NOME" v="ILHA BELA"/>
    <tag k="PROPRIET_R" v="CESP - COMPANHIA ENERG&#xC9;TICA DE S&#xC3;O PAULO"/>
    <tag k="LONGITUDE" v="-45.341200"/>
    <tag k="GEO_ID" v="183"/>
    <tag k="SITUA__O" v="DESATIVADA"/>
    <tag k="LATITUDE" v="-23.823800"/>
    <tag k="POT_NCIA" v="200 kW"/>
  </node>
  <node lat="-23.100447008" visible="true" lon="-45.205307682" id="-42">
    <tag k="USINA_ID" v="184"/>
    <tag k="NOME" v="GERALDO FELIX"/>
    <tag k="PROPRIET_R" v="CESP - COMPANHIA ENERG&#xC9;TICA DE S&#xC3;O PAULO"/>
    <tag k="LONGITUDE" v="-45.205300"/>
    <tag k="GEO_ID" v="184"/>
    <tag k="SITUA__O" v="DESATIVADA"/>
    <tag k="LATITUDE" v="-23.100400"/>
    <tag k="POT_NCIA" v="S/ EQUIP."/>
  </node>
  <node lat="-23.082041891" visible="true" lon="-45.110975313" id="-43">
    <tag k="USINA_ID" v="185"/>
    <tag k="NOME" v="CUNHA"/>
    <tag k="PROPRIET_R" v="CESP - COMPANHIA ENERG&#xC9;TICA DE S&#xC3;O PAULO"/>
    <tag k="LONGITUDE" v="-45.111000"/>
    <tag k="GEO_ID" v="185"/>
    <tag k="SITUA__O" v="DESATIVADA"/>
    <tag k="LATITUDE" v="-23.082000"/>
    <tag k="POT_NCIA" v="200 kW"/>
  </node>
  <node lat="-22.732674678" visible="true" lon="-45.348748381" id="-44">
    <tag k="USINA_ID" v="186"/>
    <tag k="NOME" v="SODRE"/>
    <tag k="PROPRIET_R" v="ELETPA - ELETRICIDADE DE S&#xC3;O PAULO - ELETROPAULO"/>
    <tag k="LONGITUDE" v="-45.348800"/>
    <tag k="GEO_ID" v="186"/>
    <tag k="SITUA__O" v="EM OPERA&#xC7;&#xC3;O"/>
    <tag k="LATITUDE" v="-22.732600"/>
    <tag k="POT_NCIA" v="600 kW"/>
  </node>
  <node lat="-22.732356736" visible="true" lon="-45.452929749" id="-45">
    <tag k="USINA_ID" v="187"/>
    <tag k="NOME" v="ABERNESSIA"/>
    <tag k="PROPRIET_R" v="CESP - COMPANHIA ENERG&#xC9;TICA DE S&#xC3;O PAULO"/>
    <tag k="LONGITUDE" v="-45.453000"/>
    <tag k="GEO_ID" v="187"/>
    <tag k="SITUA__O" v="DESATIVADA"/>
    <tag k="LATITUDE" v="-22.732300"/>
    <tag k="POT_NCIA" v="S/ EQUIP."/>
  </node>
  <node lat="-22.402626159" visible="true" lon="-48.120814051" id="-46">
    <tag k="USINA_ID" v="71"/>
    <tag k="NOME" v="JACARE"/>
    <tag k="PROPRIET_R" v="CESP - COMPANHIA ENERG&#xC9;TICA DE S&#xC3;O PAULO"/>
    <tag k="LONGITUDE" v="-48.120800"/>
    <tag k="GEO_ID" v="71"/>
    <tag k="SITUA__O" v="DESATIVADA"/>
    <tag k="LATITUDE" v="-22.402500"/>
    <tag k="POT_NCIA" v="2.000 kW"/>
  </node>
  <node lat="-21.871635258" visible="true" lon="-48.196804435" id="-47">
    <tag k="USINA_ID" v="72"/>
    <tag k="NOME" v="CHIBARRO"/>
    <tag k="PROPRIET_R" v="CPFL - COMPANHIA PAULISTA DE FOR&#xC7;A E LUZ"/>
    <tag k="LONGITUDE" v="-48.196800"/>
    <tag k="GEO_ID" v="72"/>
    <tag k="SITUA__O" v="EM OPERA&#xC7;&#xC3;O"/>
    <tag k="LATITUDE" v="-21.871600"/>
    <tag k="POT_NCIA" v="1.800 kW"/>
  </node>
  <node lat="-22.459930303" visible="true" lon="-48.080667864" id="-48">
    <tag k="USINA_ID" v="73"/>
    <tag k="NOME" v="3 SALTOS"/>
    <tag k="PROPRIET_R" v="CESP - COMPANHIA ENERG&#xC9;TICA DE S&#xC3;O PAULO"/>
    <tag k="LONGITUDE" v="-48.080700"/>
    <tag k="GEO_ID" v="73"/>
    <tag k="SITUA__O" v="EM OPERA&#xC7;&#xC3;O"/>
    <tag k="LATITUDE" v="-22.459900"/>
    <tag k="POT_NCIA" v="800 kW"/>
  </node>
  <node lat="-22.659741039" visible="true" lon="-48.050526585" id="-49">
    <tag k="USINA_ID" v="74"/>
    <tag k="NOME" v="SANTA M. SERRA"/>
    <tag k="PROPRIET_R" v="CESP - COMPANHIA ENERG&#xC9;TICA DE S&#xC3;O PAULO"/>
    <tag k="LONGITUDE" v="-48.050500"/>
    <tag k="GEO_ID" v="74"/>
    <tag k="SITUA__O" v="VIABILIDADE"/>
    <tag k="LATITUDE" v="-22.659700"/>
    <tag k="POT_NCIA" v="12.000 kW"/>
  </node>
  <node lat="-23.99099964" visible="true" lon="-48.043938425" id="-50">
    <tag k="USINA_ID" v="75"/>
    <tag k="NOME" v="TURVINHO"/>
    <tag k="PROPRIET_R" v="CSPE - COMPANHIA SUL PAULISTA DE ENERGIA"/>
    <tag k="LONGITUDE" v="-48.044000"/>
    <tag k="GEO_ID" v="75"/>
    <tag k="SITUA__O" v="EM OPERA&#xC7;&#xC3;O"/>
    <tag k="LATITUDE" v="-23.990900"/>
    <tag k="POT_NCIA" v="800 kW"/>
  </node>
  <node lat="-23.943485458" visible="true" lon="-48.038586346" id="-51">
    <tag k="USINA_ID" v="76"/>
    <tag k="NOME" v="LAVRINHA"/>
    <tag k="PROPRIET_R" v="CSPE - COMPANHIA SUL PAULISTA DE ENERGIA"/>
    <tag k="LONGITUDE" v="-48.038600"/>
    <tag k="GEO_ID" v="76"/>
    <tag k="SITUA__O" v="EM OPERA&#xC7;&#xC3;O"/>
    <tag k="LATITUDE" v="-23.943400"/>
    <tag k="POT_NCIA" v="332 kW"/>
  </node>
  <node lat="-23.927681357" visible="true" lon="-48.085344625" id="-52">
    <tag k="USINA_ID" v="77"/>
    <tag k="NOME" v="SAO JOSE"/>
    <tag k="PROPRIET_R" v="CSPE - COMPANHIA SUL PAULISTA DE ENERGIA"/>
    <tag k="LONGITUDE" v="-48.085400"/>
    <tag k="GEO_ID" v="77"/>
    <tag k="SITUA__O" v="EM OPERA&#xC7;&#xC3;O"/>
    <tag k="LATITUDE" v="-23.927600"/>
    <tag k="POT_NCIA" v="608 kW"/>
  </node>
  <node lat="-22.711441646" visible="true" lon="-45.553412239" id="-53">
    <tag k="USINA_ID" v="78"/>
    <tag k="NOME" v="C. JORDAO"/>
    <tag k="PROPRIET_R" v="CESP - COMPANHIA ENERG&#xC9;TICA DE S&#xC3;O PAULO"/>
    <tag k="LONGITUDE" v="-45.553400"/>
    <tag k="GEO_ID" v="78"/>
    <tag k="SITUA__O" v="INVENT&#xC1;RIO"/>
    <tag k="LATITUDE" v="-22.711400"/>
    <tag k="POT_NCIA" v="4.000 kW"/>
  </node>
  <node lat="-22.860778204" visible="true" lon="-45.509617991" id="-54">
    <tag k="USINA_ID" v="79"/>
    <tag k="NOME" v="ISABEL"/>
    <tag k="PROPRIET_R" v="ELETPA - ELETRICIDADE DE S&#xC3;O PAULO - ELETROPAULO"/>
    <tag k="LONGITUDE" v="-45.509600"/>
    <tag k="GEO_ID" v="79"/>
    <tag k="SITUA__O" v="EM OPERA&#xC7;&#xC3;O"/>
    <tag k="LATITUDE" v="-22.860700"/>
    <tag k="POT_NCIA" v="2.640 kW"/>
  </node>
  <node lat="-23.36149005" visible="true" lon="-45.669623572" id="-55">
    <tag k="USINA_ID" v="80"/>
    <tag k="NOME" v="PARAIBUNA"/>
    <tag k="PROPRIET_R" v="CESP - COMPANHIA ENERG&#xC9;TICA DE S&#xC3;O PAULO"/>
    <tag k="LONGITUDE" v="-45.669600"/>
    <tag k="GEO_ID" v="80"/>
    <tag k="SITUA__O" v="EM OPERA&#xC7;&#xC3;O"/>
    <tag k="LATITUDE" v="-23.361400"/>
    <tag k="POT_NCIA" v="86.000 kW"/>
  </node>
  <node lat="-22.74968394" visible="true" lon="-45.608093429" id="-56">
    <tag k="USINA_ID" v="81"/>
    <tag k="NOME" v="FOJO"/>
    <tag k="PROPRIET_R" v="CESP - COMPANHIA ENERG&#xC9;TICA DE S&#xC3;O PAULO"/>
    <tag k="LONGITUDE" v="-45.608100"/>
    <tag k="GEO_ID" v="81"/>
    <tag k="SITUA__O" v="EM OPERA&#xC7;&#xC3;O"/>
    <tag k="LATITUDE" v="-22.749600"/>
    <tag k="POT_NCIA" v="220 kW"/>
  </node>
  <node lat="-22.839929522" visible="true" lon="-47.376042765" id="-57">
    <tag k="USINA_ID" v="82"/>
    <tag k="NOME" v="CARIOBINHA"/>
    <tag k="PROPRIET_R" v="CPFL - COMPANHIA PAULISTA DE FOR&#xC7;A E LUZ"/>
    <tag k="LONGITUDE" v="-47.376100"/>
    <tag k="GEO_ID" v="82"/>
    <tag k="SITUA__O" v="EM OPERA&#xC7;&#xC3;O"/>
    <tag k="LATITUDE" v="-22.839900"/>
    <tag k="POT_NCIA" v="1.350 kW"/>
  </node>
  <node lat="-22.820213442" visible="true" lon="-46.942140979" id="-58">
    <tag k="USINA_ID" v="83"/>
    <tag k="NOME" v="BER. FIGUEIR."/>
    <tag k="PROPRIET_R" v="FIGUEI - NADIR FIGUEIREDO - IND&#xDA;STRIA COM&#xC9;RCIO S.A."/>
    <tag k="LONGITUDE" v="-46.942200"/>
    <tag k="GEO_ID" v="83"/>
    <tag k="SITUA__O" v="EM OPERA&#xC7;&#xC3;O"/>
    <tag k="LATITUDE" v="-22.820100"/>
    <tag k="POT_NCIA" v="1.100 kW"/>
  </node>
  <node lat="-22.85104948" visible="true" lon="-46.896370842" id="-59">
    <tag k="USINA_ID" v="84"/>
    <tag k="NOME" v="M. BRANCO"/>
    <tag k="PROPRIET_R" v="CJE - COMPANHIA JAGUARI DE ELETRICIDADE"/>
    <tag k="LONGITUDE" v="-46.896400"/>
    <tag k="GEO_ID" v="84"/>
    <tag k="SITUA__O" v="EM OPERA&#xC7;&#xC3;O"/>
    <tag k="LATITUDE" v="-22.851000"/>
    <tag k="POT_NCIA" v="2.363 kW"/>
  </node>
  <node lat="-22.855877546" visible="true" lon="-46.750835187" id="-60">
    <tag k="USINA_ID" v="85"/>
    <tag k="NOME" v="Dr. TOSTA"/>
    <tag k="PROPRIET_R" v="EEB - EMPRESA EL&#xC1;TRICA BRAGANTINA"/>
    <tag k="LONGITUDE" v="-46.750900"/>
    <tag k="GEO_ID" v="85"/>
    <tag k="SITUA__O" v="EM OPERA&#xC7;&#xC3;O"/>
    <tag k="LATITUDE" v="-22.855800"/>
    <tag k="POT_NCIA" v="848 kW"/>
  </node>
  <node lat="-22.783335404" visible="true" lon="-47.408898987" id="-61">
    <tag k="USINA_ID" v="86"/>
    <tag k="NOME" v="CAPIVARI"/>
    <tag k="PROPRIET_R" v="CPFL - COMPANHIA PAULISTA DE FOR&#xC7;A E LUZ"/>
    <tag k="LONGITUDE" v="-47.408900"/>
    <tag k="GEO_ID" v="86"/>
    <tag k="SITUA__O" v="INVENT&#xC1;RIO"/>
    <tag k="LATITUDE" v="-22.783300"/>
    <tag k="POT_NCIA" v="3.400 kW"/>
  </node>
  <node lat="-22.916307743" visible="true" lon="-46.946325974" id="-62">
    <tag k="USINA_ID" v="87"/>
    <tag k="NOME" v="S. GRANDE/AMPLIACAO"/>
    <tag k="PROPRIET_R" v="CPFL - COMPANHIA PAULISTA DE FOR&#xC7;A E LUZ"/>
    <tag k="LONGITUDE" v="-46.946300"/>
    <tag k="GEO_ID" v="87"/>
    <tag k="SITUA__O" v="EM OPERA&#xC7;&#xC3;O"/>
    <tag k="LATITUDE" v="-22.916200"/>
    <tag k="POT_NCIA" v="2.400 kW/1.500 kW"/>
  </node>
  <node lat="-24.110252838" visible="true" lon="-46.903847506" id="-63">
    <tag k="USINA_ID" v="88"/>
    <tag k="NOME" v="MONGAGUA"/>
    <tag k="PROPRIET_R" v="CESP - COMPANHIA ENERG&#xC9;TICA DE S&#xC3;O PAULO"/>
    <tag k="LONGITUDE" v="-46.903900"/>
    <tag k="GEO_ID" v="88"/>
    <tag k="SITUA__O" v="DESATIVADA"/>
    <tag k="LATITUDE" v="-24.110200"/>
    <tag k="POT_NCIA" v="520 kW"/>
  </node>
  <node lat="-23.407126501" visible="true" lon="-47.490120249" id="-64">
    <tag k="USINA_ID" v="89"/>
    <tag k="NOME" v="SANTA HELENA"/>
    <tag k="PROPRIET_R" v="VOTOR - S.A. IND&#xDA;STRIAS VOTORANTIM"/>
    <tag k="LONGITUDE" v="-47.490100"/>
    <tag k="GEO_ID" v="89"/>
    <tag k="SITUA__O" v="EM OPERA&#xC7;&#xC3;O"/>
    <tag k="LATITUDE" v="-23.407000"/>
    <tag k="POT_NCIA" v="2.270 kW"/>
  </node>
  <node lat="-23.578204163" visible="true" lon="-47.492291207" id="-65">
    <tag k="USINA_ID" v="90"/>
    <tag k="NOME" v="VOTORANTIM"/>
    <tag k="PROPRIET_R" v="VOTOR - S.A. IND&#xDA;STRIAS VOTORANTIM"/>
    <tag k="LONGITUDE" v="-47.492300"/>
    <tag k="GEO_ID" v="90"/>
    <tag k="SITUA__O" v="EM OPERA&#xC7;&#xC3;O"/>
    <tag k="LATITUDE" v="-23.578100"/>
    <tag k="POT_NCIA" v="3.000 kW"/>
  </node>
  <node lat="-23.613128251" visible="true" lon="-47.398624864" id="-66">
    <tag k="USINA_ID" v="91"/>
    <tag k="NOME" v="ITUPARARANGA"/>
    <tag k="PROPRIET_R" v="CBA - COMPANHIA BRASILEIRA DE ALUM&#xCD;NIO"/>
    <tag k="LONGITUDE" v="-47.473100"/>
    <tag k="GEO_ID" v="91"/>
    <tag k="SITUA__O" v="EM OPERA&#xC7;&#xC3;O"/>
    <tag k="LATITUDE" v="-23.639600"/>
    <tag k="POT_NCIA" v="55.000 kW"/>
  </node>
  <node lat="-23.827376016" visible="true" lon="-47.664361811" id="-67">
    <tag k="USINA_ID" v="92"/>
    <tag k="NOME" v="PILAR"/>
    <tag k="PROPRIET_R" v="ESTAMP - COMPANHIA NACIONAL DE ESTAMPARIA"/>
    <tag k="LONGITUDE" v="-47.664400"/>
    <tag k="GEO_ID" v="92"/>
    <tag k="SITUA__O" v="EM OPERA&#xC7;&#xC3;O"/>
    <tag k="LATITUDE" v="-23.827300"/>
    <tag k="POT_NCIA" v="1.900 kW"/>
  </node>
  <node lat="-23.060493353" visible="true" lon="-47.623897827" id="-68">
    <tag k="USINA_ID" v="93"/>
    <tag k="NOME" v="RAFARD"/>
    <tag k="PROPRIET_R" v="RAFARD - USINA RAFARD S.A."/>
    <tag k="LONGITUDE" v="-47.623900"/>
    <tag k="GEO_ID" v="93"/>
    <tag k="SITUA__O" v="EM OPERA&#xC7;&#xC3;O"/>
    <tag k="LATITUDE" v="-23.060400"/>
    <tag k="POT_NCIA" v="200 kW"/>
  </node>
  <node lat="-23.221190944" visible="true" lon="-47.546486425" id="-69">
    <tag k="USINA_ID" v="94"/>
    <tag k="NOME" v="PORTO FELIZ"/>
    <tag k="PROPRIET_R" v="CESP - COMPANHIA ENERG&#xC9;TICA DE S&#xC3;O PAULO"/>
    <tag k="LONGITUDE" v="-47.546500"/>
    <tag k="GEO_ID" v="94"/>
    <tag k="SITUA__O" v="INVENT&#xC1;RIO"/>
    <tag k="LATITUDE" v="-23.221100"/>
    <tag k="POT_NCIA" v="3.200 kW"/>
  </node>
  <node lat="-24.167254132" visible="true" lon="-47.660838796" id="-70">
    <tag k="USINA_ID" v="95"/>
    <tag k="NOME" v="ALECRIM"/>
    <tag k="PROPRIET_R" v="CBA - COMPANHIA BRASILEIRA DE ALUM&#xCD;NIO"/>
    <tag k="LONGITUDE" v="-47.660900"/>
    <tag k="GEO_ID" v="95"/>
    <tag k="SITUA__O" v="EM OPERA&#xC7;&#xC3;O"/>
    <tag k="LATITUDE" v="-24.167200"/>
    <tag k="POT_NCIA" v="72.000 kW"/>
  </node>
  <node lat="-24.036883793" visible="true" lon="-47.669201874" id="-71">
    <tag k="USINA_ID" v="96"/>
    <tag k="NOME" v="PORTO RASO"/>
    <tag k="PROPRIET_R" v="CBA - COMPANHIA BRASILEIRA DE ALUM&#xCD;NIO"/>
    <tag k="LONGITUDE" v="-47.669200"/>
    <tag k="GEO_ID" v="96"/>
    <tag k="SITUA__O" v="EM OPERA&#xC7;&#xC3;O"/>
    <tag k="LATITUDE" v="-24.036800"/>
    <tag k="POT_NCIA" v="28.400 kW"/>
  </node>
  <node lat="-24.037324731" visible="true" lon="-47.546223289" id="-72">
    <tag k="USINA_ID" v="97"/>
    <tag k="NOME" v="JURUPARA"/>
    <tag k="PROPRIET_R" v="VOTOR - S.A. IND&#xDA;STRIAS VOTORANTIM"/>
    <tag k="LONGITUDE" v="-47.546200"/>
    <tag k="GEO_ID" v="97"/>
    <tag k="SITUA__O" v="EM OPERA&#xC7;&#xC3;O"/>
    <tag k="LATITUDE" v="-24.037200"/>
    <tag k="POT_NCIA" v="8.160 kW"/>
  </node>
  <node lat="-23.989400557" visible="true" lon="-47.524401143" id="-73">
    <tag k="USINA_ID" v="98"/>
    <tag k="NOME" v="RIO PEIXE"/>
    <tag k="PROPRIET_R" v="F.AZUL - FAIXA AZUL IND&#xDA;STRIA DE M&#xD3;VEIS LTDA"/>
    <tag k="LONGITUDE" v="-47.524400"/>
    <tag k="GEO_ID" v="98"/>
    <tag k="SITUA__O" v="EM OPERA&#xC7;&#xC3;O"/>
    <tag k="LATITUDE" v="-23.989300"/>
    <tag k="POT_NCIA" v="400 kW"/>
  </node>
  <node lat="-24.063321791" visible="true" lon="-47.499273142" id="-74">
    <tag k="USINA_ID" v="99"/>
    <tag k="NOME" v="BARRA"/>
    <tag k="PROPRIET_R" v="CBA - COMPANHIA BRASILEIRA DE ALUM&#xCD;NIO"/>
    <tag k="LONGITUDE" v="-47.499300"/>
    <tag k="GEO_ID" v="99"/>
    <tag k="SITUA__O" v="EM OPERA&#xC7;&#xC3;O"/>
    <tag k="LATITUDE" v="-24.063200"/>
    <tag k="POT_NCIA" v="40.400 kW"/>
  </node>
  <node lat="-23.592732203" visible="true" lon="-47.761022293" id="-75">
    <tag k="USINA_ID" v="100"/>
    <tag k="NOME" v="PIEDADE"/>
    <tag k="PROPRIET_R" v="VOTOR - S.A. IND&#xDA;STRIAS VOTORANTIM"/>
    <tag k="LONGITUDE" v="-47.761000"/>
    <tag k="GEO_ID" v="100"/>
    <tag k="SITUA__O" v="EM OPERA&#xC7;&#xC3;O"/>
    <tag k="LATITUDE" v="-23.592700"/>
    <tag k="POT_NCIA" v="600 kW"/>
  </node>
  <node lat="-23.771497768" visible="true" lon="-47.763885249" id="-76">
    <tag k="USINA_ID" v="101"/>
    <tag k="NOME" v="JORDAFLOR"/>
    <tag k="PROPRIET_R" v="ESTAMP - COMPANHIA NACIONAL DE ESTAMPARIA"/>
    <tag k="LONGITUDE" v="-47.763900"/>
    <tag k="GEO_ID" v="101"/>
    <tag k="SITUA__O" v="EM OPERA&#xC7;&#xC3;O"/>
    <tag k="LATITUDE" v="-23.771400"/>
    <tag k="POT_NCIA" v="2.010 kW"/>
  </node>
  <node lat="-24.225552376" visible="true" lon="-47.966975109" id="-77">
    <tag k="USINA_ID" v="102"/>
    <tag k="NOME" v="S. IPORANGA"/>
    <tag k="PROPRIET_R" v="CBA - COMPANHIA BRASILEIRA DE ALUM&#xCD;NIO"/>
    <tag k="LONGITUDE" v="-47.967000"/>
    <tag k="GEO_ID" v="102"/>
    <tag k="SITUA__O" v="EM OPERA&#xC7;&#xC3;O"/>
    <tag k="LATITUDE" v="-24.225500"/>
    <tag k="POT_NCIA" v="63.900 kW"/>
  </node>
  <node lat="-24.217796366" visible="true" lon="-47.823756446" id="-78">
    <tag k="USINA_ID" v="103"/>
    <tag k="NOME" v="SERRARIA"/>
    <tag k="PROPRIET_R" v="CBA - COMPANHIA BRASILEIRA DE ALUM&#xCD;NIO"/>
    <tag k="LONGITUDE" v="-47.823800"/>
    <tag k="GEO_ID" v="103"/>
    <tag k="SITUA__O" v="EM OPERA&#xC7;&#xC3;O"/>
    <tag k="LATITUDE" v="-24.217700"/>
    <tag k="POT_NCIA" v="24.000 kW"/>
  </node>
  <node lat="-23.807400952" visible="true" lon="-47.722445064" id="-79">
    <tag k="USINA_ID" v="104"/>
    <tag k="NOME" v="BATISTA"/>
    <tag k="PROPRIET_R" v="ESTAMP - COMPANHIA NACIONAL DE ESTAMPARIA"/>
    <tag k="LONGITUDE" v="-47.722500"/>
    <tag k="GEO_ID" v="104"/>
    <tag k="SITUA__O" v="EM OPERA&#xC7;&#xC3;O"/>
    <tag k="LATITUDE" v="-23.807300"/>
    <tag k="POT_NCIA" v="1.500 kW"/>
  </node>
  <node lat="-23.027317233" visible="true" lon="-47.822920597" id="-80">
    <tag k="USINA_ID" v="105"/>
    <tag k="NOME" v="L. PAULISTA"/>
    <tag k="PROPRIET_R" v="CESP - COMPANHIA ENERG&#xC9;TICA DE S&#xC3;O PAULO"/>
    <tag k="LONGITUDE" v="-47.822900"/>
    <tag k="GEO_ID" v="105"/>
    <tag k="SITUA__O" v="INVENT&#xC1;RIO"/>
    <tag k="LATITUDE" v="-23.027200"/>
    <tag k="POT_NCIA" v="6.400 kW"/>
  </node>
  <node lat="-23.38022347" visible="true" lon="-47.776894382" id="-81">
    <tag k="USINA_ID" v="106"/>
    <tag k="NOME" v="SANTA ADELIA"/>
    <tag k="PROPRIET_R" v="AD&#xC9;LIA - COMPANHIA FIA&#xC7;&#xC3;O E TECIDO SANTA AD&#xC9;LIA"/>
    <tag k="LONGITUDE" v="-47.776900"/>
    <tag k="GEO_ID" v="106"/>
    <tag k="SITUA__O" v="EM OPERA&#xC7;&#xC3;O"/>
    <tag k="LATITUDE" v="-23.380100"/>
    <tag k="POT_NCIA" v="832 kW"/>
  </node>
  <node lat="-22.928773913" visible="true" lon="-47.914299038" id="-82">
    <tag k="USINA_ID" v="107"/>
    <tag k="NOME" v="BAGUARI"/>
    <tag k="PROPRIET_R" v="CESP - COMPANHIA ENERG&#xC9;TICA DE S&#xC3;O PAULO"/>
    <tag k="LONGITUDE" v="-47.914300"/>
    <tag k="GEO_ID" v="107"/>
    <tag k="SITUA__O" v="VIABILIDADE"/>
    <tag k="LATITUDE" v="-22.928700"/>
    <tag k="POT_NCIA" v="7.500 kW"/>
  </node>
  <node lat="-23.100549508" visible="true" lon="-47.748367329" id="-83">
    <tag k="USINA_ID" v="108"/>
    <tag k="NOME" v="TIETE"/>
    <tag k="PROPRIET_R" v="CESP - COMPANHIA ENERG&#xC9;TICA DE S&#xC3;O PAULO"/>
    <tag k="LONGITUDE" v="-47.748400"/>
    <tag k="GEO_ID" v="108"/>
    <tag k="SITUA__O" v="INVENT&#xC1;RIO"/>
    <tag k="LATITUDE" v="-23.100500"/>
    <tag k="POT_NCIA" v="4.800 kW"/>
  </node>
  <node lat="-24.013650521" visible="true" lon="-47.281465175" id="-84">
    <tag k="USINA_ID" v="109"/>
    <tag k="NOME" v="FRANCA"/>
    <tag k="PROPRIET_R" v="CBA - COMPANHIA BRASILEIRA DE ALUM&#xCD;NIO"/>
    <tag k="LONGITUDE" v="-47.281500"/>
    <tag k="GEO_ID" v="109"/>
    <tag k="SITUA__O" v="EM OPERA&#xC7;&#xC3;O"/>
    <tag k="LATITUDE" v="-24.013600"/>
    <tag k="POT_NCIA" v="29.500 KW"/>
  </node>
  <node lat="-24.070998793" visible="true" lon="-47.434189854" id="-85">
    <tag k="USINA_ID" v="110"/>
    <tag k="NOME" v="FUMACA"/>
    <tag k="PROPRIET_R" v="CBA - COMPANHIA BRASILEIRA DE ALUM&#xCD;NIO"/>
    <tag k="LONGITUDE" v="-47.434200"/>
    <tag k="GEO_ID" v="110"/>
    <tag k="SITUA__O" v="EM OPERA&#xC7;&#xC3;O"/>
    <tag k="LATITUDE" v="-24.070900"/>
    <tag k="POT_NCIA" v="36.400 kW"/>
  </node>
  <node lat="-23.28902002" visible="true" lon="-47.213908052" id="-86">
    <tag k="USINA_ID" v="111"/>
    <tag k="NOME" v="SAO PEDRO"/>
    <tag k="PROPRIET_R" v="S. PEDRO - COMPANHIA DE FIA&#xC7;&#xC3;O E TECELAGEM S&#xC3;O PEDRO"/>
    <tag k="LONGITUDE" v="-47.213900"/>
    <tag k="GEO_ID" v="111"/>
    <tag k="SITUA__O" v="EM OPERA&#xC7;&#xC3;O"/>
    <tag k="LATITUDE" v="-23.288900"/>
    <tag k="POT_NCIA" v="1.700 kW"/>
  </node>
  <node lat="-23.188084762" visible="true" lon="-47.364590671" id="-87">
    <tag k="USINA_ID" v="112"/>
    <tag k="NOME" v="PORTO GOES"/>
    <tag k="PROPRIET_R" v="ELETPA - ELETRICIDADE DE S&#xC3;O PAULO - ELETROPAULO"/>
    <tag k="LONGITUDE" v="-47.364600"/>
    <tag k="GEO_ID" v="112"/>
    <tag k="SITUA__O" v="EM OPERA&#xC7;&#xC3;O"/>
    <tag k="LATITUDE" v="-23.188000"/>
    <tag k="POT_NCIA" v="10.500 kW"/>
  </node>
  <node lat="-23.397986455" visible="true" lon="-47.033680291" id="-88">
    <tag k="USINA_ID" v="113"/>
    <tag k="NOME" v="RASGAO"/>
    <tag k="PROPRIET_R" v="ELETPA - ELETRICIDADE DE S&#xC3;O PAULO - ELETROPAULO"/>
    <tag k="LONGITUDE" v="-47.033700"/>
    <tag k="GEO_ID" v="113"/>
    <tag k="SITUA__O" v="EM OPERA&#xC7;&#xC3;O"/>
    <tag k="LATITUDE" v="-23.397900"/>
    <tag k="POT_NCIA" v="14.400 kW"/>
  </node>
  <node lat="-23.826157718" visible="true" lon="-46.174111532" id="-89">
    <tag k="USINA_ID" v="114"/>
    <tag k="NOME" v="ITATINGA"/>
    <tag k="PROPRIET_R" v="CODEP - COMPANHIA DOCAS DO ESTADO DE S&#xC3;O PAULO"/>
    <tag k="LONGITUDE" v="-46.174100"/>
    <tag k="GEO_ID" v="114"/>
    <tag k="SITUA__O" v="EM OPERA&#xC7;&#xC3;O"/>
    <tag k="LATITUDE" v="-23.826100"/>
    <tag k="POT_NCIA" v="15.000 kW"/>
  </node>
  <node lat="-23.638231196" visible="true" lon="-46.722327932" id="-90">
    <tag k="USINA_ID" v="115"/>
    <tag k="NOME" v="TRAICAO"/>
    <tag k="PROPRIET_R" v="ELETPA - ELETRICIDADE DE S&#xC3;O PAULO - ELETROPAULO"/>
    <tag k="LONGITUDE" v="-46.722300"/>
    <tag k="GEO_ID" v="115"/>
    <tag k="SITUA__O" v="EM OPERA&#xC7;&#xC3;O"/>
    <tag k="LATITUDE" v="-23.638200"/>
    <tag k="POT_NCIA" v="8.000 kW"/>
  </node>
  <node lat="-23.902640098" visible="true" lon="-46.525204026" id="-91">
    <tag k="USINA_ID" v="116"/>
    <tag k="NOME" v="H. BORDEN"/>
    <tag k="PROPRIET_R" v="ELETPA - ELETRICIDADE DE S&#xC3;O PAULO - ELETROPAULO"/>
    <tag k="LONGITUDE" v="-46.525200"/>
    <tag k="GEO_ID" v="116"/>
    <tag k="SITUA__O" v="EM OPERA&#xC7;&#xC3;O"/>
    <tag k="LATITUDE" v="-23.902600"/>
    <tag k="POT_NCIA" v="880.000 kW"/>
  </node>
  <node lat="-23.846705875" visible="true" lon="-46.633948513" id="-92">
    <tag k="USINA_ID" v="117"/>
    <tag k="NOME" v="BILLINGS-PEDRAS"/>
    <tag k="PROPRIET_R" v="ELETPA - ELETRICIDADE DE S&#xC3;O PAULO - ELETROPAULO"/>
    <tag k="LONGITUDE" v="-46.634000"/>
    <tag k="GEO_ID" v="117"/>
    <tag k="SITUA__O" v="INVENT&#xC1;RIO"/>
    <tag k="LATITUDE" v="-23.846600"/>
    <tag k="POT_NCIA" v="27.000 kW"/>
  </node>
  <node lat="-23.757854516" visible="true" lon="-46.659244644" id="-93">
    <tag k="USINA_ID" v="118"/>
    <tag k="NOME" v="PEDREIRA"/>
    <tag k="PROPRIET_R" v="ELETPA - ELETRICIDADE DE S&#xC3;O PAULO - ELETROPAULO"/>
    <tag k="LONGITUDE" v="-46.659300"/>
    <tag k="GEO_ID" v="118"/>
    <tag k="SITUA__O" v="EM OPERA&#xC7;&#xC3;O"/>
    <tag k="LATITUDE" v="-23.757800"/>
    <tag k="POT_NCIA" v="68.000 kW"/>
  </node>
  <node lat="-23.103366347" visible="true" lon="-46.619853555" id="-94">
    <tag k="USINA_ID" v="119"/>
    <tag k="NOME" v="ARPUI"/>
    <tag k="PROPRIET_R" v="CESP - COMPANHIA ENERG&#xC9;TICA DE S&#xC3;O PAULO"/>
    <tag k="LONGITUDE" v="-46.619900"/>
    <tag k="GEO_ID" v="119"/>
    <tag k="SITUA__O" v="DESATIVADA"/>
    <tag k="LATITUDE" v="-23.103300"/>
    <tag k="POT_NCIA" v="660 kW"/>
  </node>
  <node lat="-23.649225995" visible="true" lon="-45.888298429" id="-95">
    <tag k="USINA_ID" v="120"/>
    <tag k="NOME" v="SALESOPOLIS"/>
    <tag k="PROPRIET_R" v="ELETPA - ELETRICIDADE DE S&#xC3;O PAULO - ELETROPAULO"/>
    <tag k="LONGITUDE" v="-45.888300"/>
    <tag k="GEO_ID" v="120"/>
    <tag k="SITUA__O" v="DESATIVADA"/>
    <tag k="LATITUDE" v="-23.649100"/>
    <tag k="POT_NCIA" v="2.000 kW"/>
  </node>
  <node lat="-21.561129057" visible="true" lon="-46.879161052" id="-96">
    <tag k="USINA_ID" v="121"/>
    <tag k="NOME" v="BARREIRO"/>
    <tag k="PROPRIET_R" v="CESP - COMPANHIA ENERG&#xC9;TICA DE S&#xC3;O PAULO"/>
    <tag k="LONGITUDE" v="-46.879200"/>
    <tag k="GEO_ID" v="121"/>
    <tag k="SITUA__O" v="INVENT&#xC1;RIO"/>
    <tag k="LATITUDE" v="-21.561100"/>
    <tag k="POT_NCIA" v="10.000 kW"/>
  </node>
  <node lat="-21.885651069" visible="true" lon="-46.836446717" id="-97">
    <tag k="USINA_ID" v="122"/>
    <tag k="NOME" v="RETIRAO"/>
    <tag k="PROPRIET_R" v="CESP - COMPANHIA ENERG&#xC9;TICA DE S&#xC3;O PAULO"/>
    <tag k="LONGITUDE" v="-46.836500"/>
    <tag k="GEO_ID" v="122"/>
    <tag k="SITUA__O" v="INVENT&#xC1;RIO"/>
    <tag k="LATITUDE" v="-21.885600"/>
    <tag k="POT_NCIA" v="3.700 kW"/>
  </node>
  <node lat="-21.849507106" visible="true" lon="-46.888238977" id="-98">
    <tag k="USINA_ID" v="123"/>
    <tag k="NOME" v="N. SRA. DAS GRACAS"/>
    <tag k="PROPRIET_R" v="CESP - COMPANHIA ENERG&#xC9;TICA DE S&#xC3;O PAULO"/>
    <tag k="LONGITUDE" v="-46.888300"/>
    <tag k="GEO_ID" v="123"/>
    <tag k="SITUA__O" v="INVENT&#xC1;RIO"/>
    <tag k="LATITUDE" v="-21.849400"/>
    <tag k="POT_NCIA" v="2.400 kW"/>
  </node>
  <node lat="-21.600390182" visible="true" lon="-46.898610152" id="-99">
    <tag k="USINA_ID" v="124"/>
    <tag k="NOME" v="RIO DO PEIXE"/>
    <tag k="PROPRIET_R" v="CPEE - COMPANHIA PAULISTA DE ENERGIA EL&#xC9;TRICA"/>
    <tag k="LONGITUDE" v="-46.898600"/>
    <tag k="GEO_ID" v="124"/>
    <tag k="SITUA__O" v="EM OPERA&#xC7;&#xC3;O"/>
    <tag k="LATITUDE" v="-21.600300"/>
    <tag k="POT_NCIA" v="3.060 kW"/>
  </node>
  <node lat="-21.941437339" visible="true" lon="-46.81572872" id="-100">
    <tag k="USINA_ID" v="125"/>
    <tag k="NOME" v="SAO JOAQUIM"/>
    <tag k="PROPRIET_R" v="CESP - COMPANHIA ENERG&#xC9;TICA DE S&#xC3;O PAULO"/>
    <tag k="LONGITUDE" v="-46.815700"/>
    <tag k="GEO_ID" v="125"/>
    <tag k="SITUA__O" v="EM OPERA&#xC7;&#xC3;O"/>
    <tag k="LATITUDE" v="-21.941400"/>
    <tag k="POT_NCIA" v="2.900"/>
  </node>
  <node lat="-21.577216053" visible="true" lon="-46.753929439" id="-101">
    <tag k="USINA_ID" v="126"/>
    <tag k="NOME" v="CARRAPATOS"/>
    <tag k="PROPRIET_R" v="CESP - COMPANHIA ENERG&#xC9;TICA DE S&#xC3;O PAULO"/>
    <tag k="LONGITUDE" v="-46.753900"/>
    <tag k="GEO_ID" v="126"/>
    <tag k="SITUA__O" v="PROJETO B&#xC1;SICO"/>
    <tag k="LATITUDE" v="-21.577100"/>
    <tag k="POT_NCIA" v="17.000 kW"/>
  </node>
  <node lat="-21.570849025" visible="true" lon="-46.815398785" id="-102">
    <tag k="USINA_ID" v="127"/>
    <tag k="NOME" v="J. FIGUEIREDO"/>
    <tag k="PROPRIET_R" v="ITAIQ - USINA ITAIQUARA S.A. A&#xC7;&#xDA;CAR E ALCOOL"/>
    <tag k="LONGITUDE" v="-46.815400"/>
    <tag k="GEO_ID" v="127"/>
    <tag k="SITUA__O" v="EM OPERA&#xC7;&#xC3;O"/>
    <tag k="LATITUDE" v="-21.570800"/>
    <tag k="POT_NCIA" v="3.500 kW"/>
  </node>
  <node lat="-22.208085271" visible="true" lon="-46.866395804" id="-103">
    <tag k="USINA_ID" v="128"/>
    <tag k="NOME" v="ELOY CHAVES/AMPLIACA"/>
    <tag k="PROPRIET_R" v="CPFL - COMPANHIA PAULISTA DE FOR&#xC7;A E LUZ"/>
    <tag k="LONGITUDE" v="-46.866400"/>
    <tag k="GEO_ID" v="128"/>
    <tag k="SITUA__O" v="EM OPERA&#xC7;&#xC3;O"/>
    <tag k="LATITUDE" v="-22.208000"/>
    <tag k="POT_NCIA" v="8.800 kW/10.000 kW"/>
  </node>
  <node lat="-22.199345298" visible="true" lon="-46.816471669" id="-104">
    <tag k="USINA_ID" v="129"/>
    <tag k="NOME" v="DIVISA"/>
    <tag k="PROPRIET_R" v="CPFL - COMPANHIA PAULISTA DE FOR&#xC7;A E LUZ"/>
    <tag k="LONGITUDE" v="-46.816500"/>
    <tag k="GEO_ID" v="129"/>
    <tag k="SITUA__O" v="VIABILIDADE"/>
    <tag k="LATITUDE" v="-22.199300"/>
    <tag k="POT_NCIA" v="5.800 kW"/>
  </node>
  <node lat="-22.176841174" visible="true" lon="-46.898845929" id="-105">
    <tag k="USINA_ID" v="130"/>
    <tag k="NOME" v="NOVA PINHAL"/>
    <tag k="PROPRIET_R" v="CPFL - COMPANHIA PAULISTA DE FOR&#xC7;A E LUZ"/>
    <tag k="LONGITUDE" v="-46.898900"/>
    <tag k="GEO_ID" v="130"/>
    <tag k="SITUA__O" v="VIABILIDADE"/>
    <tag k="LATITUDE" v="-22.176800"/>
    <tag k="POT_NCIA" v="5.100 kW"/>
  </node>
  <node lat="-22.236457387" visible="true" lon="-46.957974171" id="-106">
    <tag k="USINA_ID" v="131"/>
    <tag k="NOME" v="PINHAL/AMPLIACAO/SAL"/>
    <tag k="PROPRIET_R" v="CPFL - COMPANHIA PAULISTA DE FOR&#xC7;A E LUZ"/>
    <tag k="LONGITUDE" v="-46.958000"/>
    <tag k="GEO_ID" v="131"/>
    <tag k="SITUA__O" v="EM OPERA&#xC7;&#xC3;O"/>
    <tag k="LATITUDE" v="-22.236400"/>
    <tag k="POT_NCIA" v="800 kW/6.500 kW/700"/>
  </node>
  <node lat="-22.401115902" visible="true" lon="-46.963890247" id="-107">
    <tag k="USINA_ID" v="132"/>
    <tag k="NOME" v="SOCORRO"/>
    <tag k="PROPRIET_R" v="CPFL - COMPANHIA PAULISTA DE FOR&#xC7;A E LUZ"/>
    <tag k="LONGITUDE" v="-46.963900"/>
    <tag k="GEO_ID" v="132"/>
    <tag k="SITUA__O" v="EM CONSTRU&#xC7;&#xC3;O"/>
    <tag k="LATITUDE" v="-22.401000"/>
    <tag k="POT_NCIA" v="1.000 kW"/>
  </node>
  <node lat="-22.70153004" visible="true" lon="-47.003381237" id="-108">
    <tag k="USINA_ID" v="133"/>
    <tag k="NOME" v="CAMANDUCAIA"/>
    <tag k="PROPRIET_R" v="CPFL - COMPANHIA PAULISTA DE FOR&#xC7;A E LUZ"/>
    <tag k="LONGITUDE" v="-47.003400"/>
    <tag k="GEO_ID" v="133"/>
    <tag k="SITUA__O" v="INVENT&#xC1;RIO"/>
    <tag k="LATITUDE" v="-22.701500"/>
    <tag k="POT_NCIA" v="5.000 kW"/>
  </node>
  <node lat="-21.811419928" visible="true" lon="-46.920484136" id="-109">
    <tag k="USINA_ID" v="134"/>
    <tag k="NOME" v="JACUBINHA"/>
    <tag k="PROPRIET_R" v="CESP - COMPANHIA ENERG&#xC9;TICA DE S&#xC3;O PAULO"/>
    <tag k="LONGITUDE" v="-46.920500"/>
    <tag k="GEO_ID" v="134"/>
    <tag k="SITUA__O" v="INVENT&#xC1;RIO"/>
    <tag k="LATITUDE" v="-21.811300"/>
    <tag k="POT_NCIA" v="4.500 kW"/>
  </node>
  <node lat="-21.626576259" visible="true" lon="-47.006046475" id="-110">
    <tag k="USINA_ID" v="135"/>
    <tag k="NOME" v="SANTA ALICE"/>
    <tag k="PROPRIET_R" v="CPEE - COMPANHIA PAULISTA DE ENERGIA EL&#xC9;TRICA"/>
    <tag k="LONGITUDE" v="-47.006100"/>
    <tag k="GEO_ID" v="135"/>
    <tag k="SITUA__O" v="EM OPERA&#xC7;&#xC3;O"/>
    <tag k="LATITUDE" v="-21.626500"/>
    <tag k="POT_NCIA" v="624 kW"/>
  </node>
  <node lat="-21.602015176" visible="true" lon="-46.994350474" id="-111">
    <tag k="USINA_ID" v="136"/>
    <tag k="NOME" v="SAO JOSE"/>
    <tag k="PROPRIET_R" v="CESP - COMPANHIA ENERG&#xC9;TICA DE S&#xC3;O PAULO"/>
    <tag k="LONGITUDE" v="-46.994400"/>
    <tag k="GEO_ID" v="136"/>
    <tag k="SITUA__O" v="EM OPERA&#xC7;&#xC3;O"/>
    <tag k="LATITUDE" v="-21.601900"/>
    <tag k="POT_NCIA" v="19.000 kW"/>
  </node>
  <node lat="-22.766232169" visible="true" lon="-46.897459853" id="-112">
    <tag k="USINA_ID" v="137"/>
    <tag k="NOME" v="JAGUARI"/>
    <tag k="PROPRIET_R" v="CPFL - COMPANHIA PAULISTA DE FOR&#xC7;A E LUZ"/>
    <tag k="LONGITUDE" v="-46.897500"/>
    <tag k="GEO_ID" v="137"/>
    <tag k="SITUA__O" v="INVENT&#xC1;RIO"/>
    <tag k="LATITUDE" v="-22.766200"/>
    <tag k="POT_NCIA" v="14.400"/>
  </node>
  <node lat="-21.226484892" visible="true" lon="-47.097547991" id="-113">
    <tag k="USINA_ID" v="138"/>
    <tag k="NOME" v="S. SEBASTIAO"/>
    <tag k="PROPRIET_R" v="CLFM - COMPANHIA LUZ E FOR&#xC7;A DE MOCOCA"/>
    <tag k="LONGITUDE" v="-47.097600"/>
    <tag k="GEO_ID" v="138"/>
    <tag k="SITUA__O" v="EM OPERA&#xC7;&#xC3;O"/>
    <tag k="LATITUDE" v="-21.226400"/>
    <tag k="POT_NCIA" v="592 kW"/>
  </node>
  <node lat="-21.763087779" visible="true" lon="-47.47278744" id="-114">
    <tag k="USINA_ID" v="139"/>
    <tag k="NOME" v="TRES QUEDAS"/>
    <tag k="PROPRIET_R" v="CESP - COMPANHIA ENERG&#xC9;TICA DE S&#xC3;O PAULO"/>
    <tag k="LONGITUDE" v="-47.472800"/>
    <tag k="GEO_ID" v="139"/>
    <tag k="SITUA__O" v="DESATIVADA"/>
    <tag k="LATITUDE" v="-21.763000"/>
    <tag k="POT_NCIA" v="S/EQUIP."/>
  </node>
  <node lat="-22.480311264" visible="true" lon="-47.640329911" id="-115">
    <tag k="USINA_ID" v="140"/>
    <tag k="NOME" v="CORUMBATAI"/>
    <tag k="PROPRIET_R" v="CESP - COMPANHIA ENERG&#xC9;TICA DE S&#xC3;O PAULO"/>
    <tag k="LONGITUDE" v="-47.640300"/>
    <tag k="GEO_ID" v="140"/>
    <tag k="SITUA__O" v="EM OPERA&#xC7;&#xC3;O"/>
    <tag k="LATITUDE" v="-22.480200"/>
    <tag k="POT_NCIA" v="2.130 kW"/>
  </node>
  <node lat="-22.704549129" visible="true" lon="-47.549533587" id="-116">
    <tag k="USINA_ID" v="141"/>
    <tag k="NOME" v="BOYES"/>
    <tag k="PROPRIET_R" v="BOYES - COM&#xC9;RCIO IND&#xDA;STRIA E AGR&#xCD;COLA BOYES"/>
    <tag k="LONGITUDE" v="-47.549500"/>
    <tag k="GEO_ID" v="141"/>
    <tag k="SITUA__O" v="EM OPERA&#xC7;&#xC3;O"/>
    <tag k="LATITUDE" v="-22.704500"/>
    <tag k="POT_NCIA" v="1.300 kW"/>
  </node>
  <node lat="-22.718705135" visible="true" lon="-47.66736009" id="-117">
    <tag k="USINA_ID" v="142"/>
    <tag k="NOME" v="LUIS QUEIROZ"/>
    <tag k="PROPRIET_R" v="FLP - FERRO LIGAS PIRACICABA"/>
    <tag k="LONGITUDE" v="-47.667400"/>
    <tag k="GEO_ID" v="142"/>
    <tag k="SITUA__O" v="EM OPERA&#xC7;&#xC3;O"/>
    <tag k="LATITUDE" v="-22.718600"/>
    <tag k="POT_NCIA" v="1.500 kW"/>
  </node>
  <node lat="-22.245963617" visible="true" lon="-47.863630936" id="-118">
    <tag k="USINA_ID" v="143"/>
    <tag k="NOME" v="LOBO"/>
    <tag k="PROPRIET_R" v="CESP - COMPANHIA ENERG&#xC9;TICA DE S&#xC3;O PAULO"/>
    <tag k="LONGITUDE" v="-47.863600"/>
    <tag k="GEO_ID" v="143"/>
    <tag k="SITUA__O" v="EM OPERA&#xC7;&#xC3;O"/>
    <tag k="LATITUDE" v="-22.245900"/>
    <tag k="POT_NCIA" v="2.500 kW"/>
  </node>
  <node lat="-22.306570705" visible="true" lon="-47.840039813" id="-119">
    <tag k="USINA_ID" v="144"/>
    <tag k="NOME" v="CORREDEIRA"/>
    <tag k="PROPRIET_R" v="CPFL - COMPANHIA PAULISTA DE FOR&#xC7;A E LUZ"/>
    <tag k="LONGITUDE" v="-47.840100"/>
    <tag k="GEO_ID" v="144"/>
    <tag k="SITUA__O" v="INVENT&#xC1;RIO"/>
    <tag k="LATITUDE" v="-22.306500"/>
    <tag k="POT_NCIA" v="4.500 kW"/>
  </node>
  <node lat="-22.160845328" visible="true" lon="-47.901569129" id="-120">
    <tag k="USINA_ID" v="145"/>
    <tag k="NOME" v="S. SAO CARLOS"/>
    <tag k="PROPRIET_R" v="CPFL - COMPANHIA PAULISTA DE FOR&#xC7;A E LUZ"/>
    <tag k="LONGITUDE" v="-47.901600"/>
    <tag k="GEO_ID" v="145"/>
    <tag k="SITUA__O" v="INVENT&#xC1;RIO"/>
    <tag k="LATITUDE" v="-22.160800"/>
    <tag k="POT_NCIA" v="4.500 kW"/>
  </node>
  <node lat="-21.802353972" visible="true" lon="-47.805929764" id="-121">
    <tag k="USINA_ID" v="146"/>
    <tag k="NOME" v="CAPAO PRETO"/>
    <tag k="PROPRIET_R" v="CPFL - COMPANHIA PAULISTA DE FOR&#xC7;A E LUZ"/>
    <tag k="LONGITUDE" v="-47.805900"/>
    <tag k="GEO_ID" v="146"/>
    <tag k="SITUA__O" v="EM OPERA&#xC7;&#xC3;O"/>
    <tag k="LATITUDE" v="-21.802300"/>
    <tag k="POT_NCIA" v="5.520 kW"/>
  </node>
  <node lat="-22.651076918" visible="true" lon="-47.193357056" id="-122">
    <tag k="USINA_ID" v="147"/>
    <tag k="NOME" v="ESTER"/>
    <tag k="PROPRIET_R" v="ESTER - USINA A&#xC7;UCAREIRA ESTER S.A."/>
    <tag k="LONGITUDE" v="-47.193400"/>
    <tag k="GEO_ID" v="147"/>
    <tag k="SITUA__O" v="EM OPERA&#xC7;&#xC3;O"/>
    <tag k="LATITUDE" v="-22.651000"/>
    <tag k="POT_NCIA" v="600 kW"/>
  </node>
  <node lat="-22.602747713" visible="true" lon="-47.29988453" id="-123">
    <tag k="USINA_ID" v="148"/>
    <tag k="NOME" v="TATU"/>
    <tag k="PROPRIET_R" v="CESP - COMPANHIA ENERG&#xC9;TICA DE S&#xC3;O PAULO"/>
    <tag k="LONGITUDE" v="-47.299900"/>
    <tag k="GEO_ID" v="148"/>
    <tag k="SITUA__O" v="DESATIVADA"/>
    <tag k="LATITUDE" v="-22.602700"/>
    <tag k="POT_NCIA" v="780 kW"/>
  </node>
  <node lat="-22.704971996" visible="true" lon="-47.269338366" id="-124">
    <tag k="USINA_ID" v="149"/>
    <tag k="NOME" v="JAGUARI"/>
    <tag k="PROPRIET_R" v="CPFL - COMPANHIA PAULISTA DE FOR&#xC7;A E LUZ"/>
    <tag k="LONGITUDE" v="-47.269400"/>
    <tag k="GEO_ID" v="149"/>
    <tag k="SITUA__O" v="INVENT&#xC1;RIO"/>
    <tag k="LATITUDE" v="-22.704900"/>
    <tag k="POT_NCIA" v="2.100 kW"/>
  </node>
  <node lat="-22.703148072" visible="true" lon="-47.346418727" id="-125">
    <tag k="USINA_ID" v="150"/>
    <tag k="NOME" v="AMERICANA"/>
    <tag k="PROPRIET_R" v="CPFL - COMPANHIA PAULISTA DE FOR&#xC7;A E LUZ"/>
    <tag k="LONGITUDE" v="-47.346400"/>
    <tag k="GEO_ID" v="150"/>
    <tag k="SITUA__O" v="EM OPERA&#xC7;&#xC3;O"/>
    <tag k="LATITUDE" v="-22.703100"/>
    <tag k="POT_NCIA" v="33.600 kW"/>
  </node>
  <node lat="-22.253526479" visible="true" lon="-47.019545452" id="-126">
    <tag k="USINA_ID" v="151"/>
    <tag k="NOME" v="ELEUTERIO"/>
    <tag k="PROPRIET_R" v="CPFL - COMPANHIA PAULISTA DE FOR&#xC7;A E LUZ"/>
    <tag k="LONGITUDE" v="-47.019600"/>
    <tag k="GEO_ID" v="151"/>
    <tag k="SITUA__O" v="VIABILIDADE"/>
    <tag k="LATITUDE" v="-22.253500"/>
    <tag k="POT_NCIA" v="7.200 kW"/>
  </node>
  <node lat="-22.288398561" visible="true" lon="-47.048823557" id="-127">
    <tag k="USINA_ID" v="152"/>
    <tag k="NOME" v="SALTINHO"/>
    <tag k="PROPRIET_R" v="CPFL - COMPANHIA PAULISTA DE FOR&#xC7;A E LUZ"/>
    <tag k="LONGITUDE" v="-47.048800"/>
    <tag k="GEO_ID" v="152"/>
    <tag k="SITUA__O" v="VIABILIDADE"/>
    <tag k="LATITUDE" v="-22.288300"/>
    <tag k="POT_NCIA" v="7.500 kW"/>
  </node>
  <node lat="-22.334560724" visible="true" lon="-47.080426735" id="-128">
    <tag k="USINA_ID" v="153"/>
    <tag k="NOME" v="MOGI-GUACU"/>
    <tag k="PROPRIET_R" v="CESP - COMPANHIA ENERG&#xC9;TICA DE S&#xC3;O PAULO"/>
    <tag k="LONGITUDE" v="-47.080400"/>
    <tag k="GEO_ID" v="153"/>
    <tag k="SITUA__O" v="EM CONSTRU&#xC7;&#xC3;O"/>
    <tag k="LATITUDE" v="-22.334500"/>
    <tag k="POT_NCIA" v="7.000 kW"/>
  </node>
  <node lat="-22.387511962" visible="true" lon="-47.018817383" id="-129">
    <tag k="USINA_ID" v="154"/>
    <tag k="NOME" v="PONTE NOVA"/>
    <tag k="PROPRIET_R" v="CPFL - COMPANHIA PAULISTA DE FOR&#xC7;A E LUZ"/>
    <tag k="LONGITUDE" v="-47.018800"/>
    <tag k="GEO_ID" v="154"/>
    <tag k="SITUA__O" v="INVENT&#xC1;RIO"/>
    <tag k="LATITUDE" v="-22.387400"/>
    <tag k="POT_NCIA" v="600 kW"/>
  </node>
  <node lat="-21.930163428" visible="true" lon="-47.324124787" id="-130">
    <tag k="USINA_ID" v="155"/>
    <tag k="NOME" v="EMAS/EMAS NOVA"/>
    <tag k="PROPRIET_R" v="CESP - COMPANHIA ENERG&#xC9;TICA DE S&#xC3;O PAULO"/>
    <tag k="LONGITUDE" v="-47.324100"/>
    <tag k="GEO_ID" v="155"/>
    <tag k="SITUA__O" v="EM OPERA&#xC7;&#xC3;O"/>
    <tag k="LATITUDE" v="-21.930100"/>
    <tag k="POT_NCIA" v="3.360 kW/11.000 kW"/>
  </node>
  <node lat="-21.580608153" visible="true" lon="-47.091042891" id="-131">
    <tag k="USINA_ID" v="156"/>
    <tag k="NOME" v="A. S. OLIVEIRA"/>
    <tag k="PROPRIET_R" v="CESP - COMPANHIA ENERG&#xC9;TICA DE S&#xC3;O PAULO"/>
    <tag k="LONGITUDE" v="-47.091100"/>
    <tag k="GEO_ID" v="156"/>
    <tag k="SITUA__O" v="EM OPERA&#xC7;&#xC3;O"/>
    <tag k="LATITUDE" v="-21.580500"/>
    <tag k="POT_NCIA" v="32.200 kW"/>
  </node>
  <node lat="-21.798085924" visible="true" lon="-47.383454027" id="-132">
    <tag k="USINA_ID" v="157"/>
    <tag k="NOME" v="SAO VALENTIM"/>
    <tag k="PROPRIET_R" v="CESP - COMPANHIA ENERG&#xC9;TICA DE S&#xC3;O PAULO"/>
    <tag k="LONGITUDE" v="-47.383500"/>
    <tag k="GEO_ID" v="157"/>
    <tag k="SITUA__O" v="DESATIVADA"/>
    <tag k="LATITUDE" v="-21.798000"/>
    <tag k="POT_NCIA" v="1.445 kW"/>
  </node>
  <node lat="-21.616135213" visible="true" lon="-47.062911721" id="-133">
    <tag k="USINA_ID" v="158"/>
    <tag k="NOME" v="FCO. L. S. DIAS"/>
    <tag k="PROPRIET_R" v="CESP - COMPANHIA ENERG&#xC9;TICA DE S&#xC3;O PAULO"/>
    <tag k="LONGITUDE" v="-47.062900"/>
    <tag k="GEO_ID" v="158"/>
    <tag k="SITUA__O" v="DESATIVADA"/>
    <tag k="LATITUDE" v="-21.616100"/>
    <tag k="POT_NCIA" v="1.600 kW"/>
  </node>
  <node lat="-21.627130303" visible="true" lon="-47.023243548" id="-134">
    <tag k="USINA_ID" v="159"/>
    <tag k="NOME" v="E. CUNHA"/>
    <tag k="PROPRIET_R" v="CESP - COMPANHIA ENERG&#xC9;TICA DE S&#xC3;O PAULO"/>
    <tag k="LONGITUDE" v="-47.023300"/>
    <tag k="GEO_ID" v="159"/>
    <tag k="SITUA__O" v="EM OPERA&#xC7;&#xC3;O"/>
    <tag k="LATITUDE" v="-21.627100"/>
    <tag k="POT_NCIA" v="108.800 kW"/>
  </node>
  <node lat="-20.010601691" visible="true" lon="-47.431993561" id="-135">
    <tag k="USINA_ID" v="160"/>
    <tag k="NOME" v="JAGUARA"/>
    <tag k="PROPRIET_R" v="CEMIG - CENTRAIS EL&#xC9;TRICAS DE MINAS GERAIS"/>
    <tag k="LONGITUDE" v="-47.432000"/>
    <tag k="GEO_ID" v="160"/>
    <tag k="SITUA__O" v="EM OPERA&#xC7;&#xC3;O"/>
    <tag k="LATITUDE" v="-20.010500"/>
    <tag k="POT_NCIA" v="456.000 kW"/>
  </node>
  <node lat="-20.684773123" visible="true" lon="-47.555561969" id="-136">
    <tag k="USINA_ID" v="161"/>
    <tag k="NOME" v="MOSQUITO"/>
    <tag k="PROPRIET_R" v="CPFL - COMPANHIA PAULISTA DE FOR&#xC7;A E LUZ"/>
    <tag k="LONGITUDE" v="-47.555600"/>
    <tag k="GEO_ID" v="161"/>
    <tag k="SITUA__O" v="INVENT&#xC1;RIO"/>
    <tag k="LATITUDE" v="-20.684700"/>
    <tag k="POT_NCIA" v="1.500 kW"/>
  </node>
  <node lat="-21.200980917" visible="true" lon="-47.52712971" id="-137">
    <tag k="USINA_ID" v="162"/>
    <tag k="NOME" v="ITIPAVA"/>
    <tag k="PROPRIET_R" v="AM&#xC1;LIA - AGRO INDUSTRIAL AM&#xC1;LIA S.A. (I.R.F.M.)"/>
    <tag k="LONGITUDE" v="-47.527100"/>
    <tag k="GEO_ID" v="162"/>
    <tag k="SITUA__O" v="EM OPERA&#xC7;&#xC3;O"/>
    <tag k="LATITUDE" v="-21.200900"/>
    <tag k="POT_NCIA" v="1.760 kW"/>
  </node>
  <node lat="-20.279102699" visible="true" lon="-47.605335275" id="-138">
    <tag k="USINA_ID" v="163"/>
    <tag k="NOME" v="PONTE NOVA"/>
    <tag k="PROPRIET_R" v="CPFL - COMPANHIA PAULISTA DE FOR&#xC7;A E LUZ"/>
    <tag k="LONGITUDE" v="-47.605300"/>
    <tag k="GEO_ID" v="163"/>
    <tag k="SITUA__O" v="INVENT&#xC1;RIO"/>
    <tag k="LATITUDE" v="-20.279000"/>
    <tag k="POT_NCIA" v="1.500 kW"/>
  </node>
  <node lat="-20.435352288" visible="true" lon="-47.963098663" id="-139">
    <tag k="USINA_ID" v="164"/>
    <tag k="NOME" v="ANHANGUERA"/>
    <tag k="PROPRIET_R" v="CPFL - COMPANHIA PAULISTA DE FOR&#xC7;A E LUZ"/>
    <tag k="LONGITUDE" v="-47.963100"/>
    <tag k="GEO_ID" v="164"/>
    <tag k="SITUA__O" v="PROJETO B&#xC1;SICO"/>
    <tag k="LATITUDE" v="-20.435300"/>
    <tag k="POT_NCIA" v="20.000 kW"/>
  </node>
  <node lat="-20.48334255" visible="true" lon="-47.899150313" id="-140">
    <tag k="USINA_ID" v="165"/>
    <tag k="NOME" v="PALMEIRAS"/>
    <tag k="PROPRIET_R" v="CPFL - COMPANHIA PAULISTA DE FOR&#xC7;A E LUZ"/>
    <tag k="LONGITUDE" v="-47.899200"/>
    <tag k="GEO_ID" v="165"/>
    <tag k="SITUA__O" v="PROJETO B&#xC1;SICO"/>
    <tag k="LATITUDE" v="-20.483300"/>
    <tag k="POT_NCIA" v="15.000 kW"/>
  </node>
  <node lat="-20.530044643" visible="true" lon="-47.865601259" id="-141">
    <tag k="USINA_ID" v="166"/>
    <tag k="NOME" v="SAO JOAQUIM"/>
    <tag k="PROPRIET_R" v="CPFL - COMPANHIA PAULISTA DE FOR&#xC7;A E LUZ"/>
    <tag k="LONGITUDE" v="-47.865600"/>
    <tag k="GEO_ID" v="166"/>
    <tag k="SITUA__O" v="EM OPERA&#xC7;&#xC3;O"/>
    <tag k="LATITUDE" v="-20.530000"/>
    <tag k="POT_NCIA" v="5.200 kW"/>
  </node>
  <node lat="-20.585271824" visible="true" lon="-47.797331982" id="-142">
    <tag k="USINA_ID" v="167"/>
    <tag k="NOME" v="SANTA RITA"/>
    <tag k="PROPRIET_R" v="CPFL - COMPANHIA PAULISTA DE FOR&#xC7;A E LUZ"/>
    <tag k="LONGITUDE" v="-47.797300"/>
    <tag k="GEO_ID" v="167"/>
    <tag k="SITUA__O" v="VIABILIDADE"/>
    <tag k="LATITUDE" v="-20.585200"/>
    <tag k="POT_NCIA" v="14.000 kW"/>
  </node>
  <node lat="-20.677692086" visible="true" lon="-47.685859425" id="-143">
    <tag k="USINA_ID" v="168"/>
    <tag k="NOME" v="DOURADOS"/>
    <tag k="PROPRIET_R" v="CPFL - COMPANHIA PAULISTA DE FOR&#xC7;A E LUZ"/>
    <tag k="LONGITUDE" v="-47.685900"/>
    <tag k="GEO_ID" v="168"/>
    <tag k="SITUA__O" v="EM OPERA&#xC7;&#xC3;O"/>
    <tag k="LATITUDE" v="-20.677600"/>
    <tag k="POT_NCIA" v="7.000 kW"/>
  </node>
  <node lat="-20.728685232" visible="true" lon="-47.635824236" id="-144">
    <tag k="USINA_ID" v="169"/>
    <tag k="NOME" v="SAPUCAI"/>
    <tag k="PROPRIET_R" v="CPFL - COMPANHIA PAULISTA DE FOR&#xC7;A E LUZ"/>
    <tag k="LONGITUDE" v="-47.635800"/>
    <tag k="GEO_ID" v="169"/>
    <tag k="SITUA__O" v="VIABILIDADE"/>
    <tag k="LATITUDE" v="-20.728600"/>
    <tag k="POT_NCIA" v="16.500 kW"/>
  </node>
  <node lat="-20.377766093" visible="true" lon="-47.956892657" id="-145">
    <tag k="USINA_ID" v="170"/>
    <tag k="NOME" v="RETIRO"/>
    <tag k="PROPRIET_R" v="CPFL - COMPANHIA PAULISTA DE FOR&#xC7;A E LUZ"/>
    <tag k="LONGITUDE" v="-47.956900"/>
    <tag k="GEO_ID" v="170"/>
    <tag k="SITUA__O" v="PROJETO B&#xC1;SICO"/>
    <tag k="LATITUDE" v="-20.377700"/>
    <tag k="POT_NCIA" v="15.000 kW"/>
  </node>
  <node lat="-20.284267695" visible="true" lon="-47.66897944" id="-146">
    <tag k="USINA_ID" v="171"/>
    <tag k="NOME" v="BURITIS"/>
    <tag k="PROPRIET_R" v="CPFL - COMPANHIA PAULISTA DE FOR&#xC7;A E LUZ"/>
    <tag k="LONGITUDE" v="-47.669000"/>
    <tag k="GEO_ID" v="171"/>
    <tag k="SITUA__O" v="EM OPERA&#xC7;&#xC3;O"/>
    <tag k="LATITUDE" v="-20.284200"/>
    <tag k="POT_NCIA" v="1.000 kW"/>
  </node>
  <node lat="-19.98933378" visible="true" lon="-47.687649565" id="-147">
    <tag k="USINA_ID" v="172"/>
    <tag k="NOME" v="IGARAPAVA"/>
    <tag k="PROPRIET_R" v="CEMIG - CENTRAIS EL&#xC9;TRICAS DE MINAS GERAIS"/>
    <tag k="LONGITUDE" v="-47.687700"/>
    <tag k="GEO_ID" v="172"/>
    <tag k="SITUA__O" v="PROJETO B&#xC1;SICO"/>
    <tag k="LATITUDE" v="-19.989300"/>
    <tag k="POT_NCIA" v="200.000 kM"/>
  </node>
  <node lat="-20.854346613" visible="true" lon="-47.326352937" id="-148">
    <tag k="USINA_ID" v="173"/>
    <tag k="NOME" v="ESMERIL"/>
    <tag k="PROPRIET_R" v="CPFL - COMPANHIA PAULISTA DE FOR&#xC7;A E LUZ"/>
    <tag k="LONGITUDE" v="-47.326400"/>
    <tag k="GEO_ID" v="173"/>
    <tag k="SITUA__O" v="EM OPERA&#xC7;&#xC3;O"/>
    <tag k="LATITUDE" v="-20.854300"/>
    <tag k="POT_NCIA" v="2.100 kW"/>
  </node>
  <node lat="-20.14467525" visible="true" lon="-47.296340058" id="-149">
    <tag k="USINA_ID" v="174"/>
    <tag k="NOME" v="ESTREITO"/>
    <tag k="PROPRIET_R" v="FURNAS - FURNAS CENTRAIS EL&#xC9;TRICAS"/>
    <tag k="LONGITUDE" v="-47.296400"/>
    <tag k="GEO_ID" v="174"/>
    <tag k="SITUA__O" v="EM OPERA&#xC7;&#xC3;O"/>
    <tag k="LATITUDE" v="-20.144600"/>
    <tag k="POT_NCIA" v="1.050.000 kW"/>
  </node>
  <node lat="-20.279539642" visible="true" lon="-47.091737147" id="-150">
    <tag k="USINA_ID" v="175"/>
    <tag k="NOME" v="PEIXOTO"/>
    <tag k="PROPRIET_R" v="FURNAS - FURNAS CENTRAIS EL&#xC9;TRICAS"/>
    <tag k="LONGITUDE" v="-47.091800"/>
    <tag k="GEO_ID" v="175"/>
    <tag k="SITUA__O" v="EM OPERA&#xC7;&#xC3;O"/>
    <tag k="LATITUDE" v="-20.279500"/>
    <tag k="POT_NCIA" v="475.000 kW"/>
  </node>
  <node lat="-21.534607224" visible="true" lon="-48.958161597" id="-151">
    <tag k="USINA_ID" v="1"/>
    <tag k="NOME" v="R. GONCALVES"/>
    <tag k="PROPRIET_R" v="CNEE - COMPANHIA NACIONAL DE ENERGIA EL&#xC9;TRICA"/>
    <tag k="LONGITUDE" v="-48.958200"/>
    <tag k="GEO_ID" v="1"/>
    <tag k="SITUA__O" v="EM OPERA&#xC7;&#xC3;O"/>
    <tag k="LATITUDE" v="-21.534500"/>
    <tag k="POT_NCIA" v="1.250 kW"/>
  </node>
  <node lat="-21.591276371" visible="true" lon="-48.966300559" id="-152">
    <tag k="USINA_ID" v="2"/>
    <tag k="NOME" v="PORCOS"/>
    <tag k="PROPRIET_R" v="CPFL - COMPANHIA PAULISTA DE FOR&#xC7;A E LUZ"/>
    <tag k="LONGITUDE" v="-48.966300"/>
    <tag k="GEO_ID" v="2"/>
    <tag k="SITUA__O" v="INVENT&#xC1;RIO"/>
    <tag k="LATITUDE" v="-21.591200"/>
    <tag k="POT_NCIA" v="2.200 kW"/>
  </node>
  <node lat="-21.764841094" visible="true" lon="-49.064959001" id="-153">
    <tag k="USINA_ID" v="3"/>
    <tag k="NOME" v="IBITINGA"/>
    <tag k="PROPRIET_R" v="CESP - COMPANHIA ENERG&#xC9;TICA DE S&#xC3;O PAULO"/>
    <tag k="LONGITUDE" v="-49.065000"/>
    <tag k="GEO_ID" v="3"/>
    <tag k="SITUA__O" v="EM OPERA&#xC7;&#xC3;O"/>
    <tag k="LATITUDE" v="-21.764800"/>
    <tag k="POT_NCIA" v="131.490 KW"/>
  </node>
  <node lat="-22.277217767" visible="true" lon="-48.860154132" id="-154">
    <tag k="USINA_ID" v="4"/>
    <tag k="NOME" v="LAJEADO"/>
    <tag k="PROPRIET_R" v="CESP - COMPANHIA ENERG&#xC9;TICA DE S&#xC3;O PAULO"/>
    <tag k="LONGITUDE" v="-48.860200"/>
    <tag k="GEO_ID" v="4"/>
    <tag k="SITUA__O" v="DESATIVADA"/>
    <tag k="LATITUDE" v="-22.277100"/>
    <tag k="POT_NCIA" v="S/ EQUIP."/>
  </node>
  <node lat="-22.958810217" visible="true" lon="-48.932745291" id="-155">
    <tag k="USINA_ID" v="5"/>
    <tag k="NOME" v="RIO NOVO"/>
    <tag k="PROPRIET_R" v="CLFSC - COMPANHIA LUZ E FOR&#xC7;A SANTA CRUZ"/>
    <tag k="LONGITUDE" v="-48.932800"/>
    <tag k="GEO_ID" v="5"/>
    <tag k="SITUA__O" v="EM OPERA&#xC7;&#xC3;O"/>
    <tag k="LATITUDE" v="-22.958700"/>
    <tag k="POT_NCIA" v="1.280 kW"/>
  </node>
  <node lat="-24.155548274" visible="true" lon="-48.965219276" id="-156">
    <tag k="USINA_ID" v="6"/>
    <tag k="NOME" v="SAO JOSE"/>
    <tag k="PROPRIET_R" v="MARING - COMPANHIA DE CIMENTO PORTLAND MARING&#xC1;"/>
    <tag k="LONGITUDE" v="-48.965200"/>
    <tag k="GEO_ID" v="6"/>
    <tag k="SITUA__O" v="EM OPERA&#xC7;&#xC3;O"/>
    <tag k="LATITUDE" v="-24.155500"/>
    <tag k="POT_NCIA" v="600 kW"/>
  </node>
  <node lat="-24.265202751" visible="true" lon="-48.884242917" id="-157">
    <tag k="USINA_ID" v="7"/>
    <tag k="NOME" v="TAQUARU&#xC7;U"/>
    <tag k="PROPRIET_R" v="SGUARI - IND&#xDA;STRIA COM&#xC9;RCIO E CULTURA DE MADEIRAS SGUARIOS S.A."/>
    <tag k="LONGITUDE" v="-48.884300"/>
    <tag k="GEO_ID" v="7"/>
    <tag k="SITUA__O" v="EM CONSTRU&#xC7;&#xC3;O"/>
    <tag k="LATITUDE" v="-24.265100"/>
    <tag k="POT_NCIA" v="600 kW"/>
  </node>
  <node lat="-24.676748056" visible="true" lon="-48.954344199" id="-158">
    <tag k="USINA_ID" v="8"/>
    <tag k="NOME" v="ITA&#xD3;CA"/>
    <tag k="PROPRIET_R" v="CESP - COMPANHIA ENERG&#xC9;TICA DE S&#xC3;O PAULO"/>
    <tag k="LONGITUDE" v="-48.954400"/>
    <tag k="GEO_ID" v="8"/>
    <tag k="SITUA__O" v="VIABILIDADE"/>
    <tag k="LATITUDE" v="-24.676700"/>
    <tag k="POT_NCIA" v="30.000 kW"/>
  </node>
  <node lat="-20.778710699" visible="true" lon="-51.623123514" id="-159">
    <tag k="USINA_ID" v="9"/>
    <tag k="NOME" v="SOUZA DIAS"/>
    <tag k="PROPRIET_R" v="CESP - COMPANHIA ENERG&#xC9;TICA DE S&#xC3;O PAULO"/>
    <tag k="LONGITUDE" v="-51.623100"/>
    <tag k="GEO_ID" v="9"/>
    <tag k="SITUA__O" v="EM OPERA&#xC7;&#xC3;O"/>
    <tag k="LATITUDE" v="-20.778600"/>
    <tag k="POT_NCIA" v="1.411.200 kW"/>
  </node>
  <node lat="-22.588440877" visible="true" lon="-52.898647895" id="-160">
    <tag k="USINA_ID" v="10"/>
    <tag k="NOME" v="ROSANA"/>
    <tag k="PROPRIET_R" v="CESP - COMPANHIA ENERG&#xC9;TICA DE S&#xC3;O PAULO"/>
    <tag k="LONGITUDE" v="-52.898600"/>
    <tag k="GEO_ID" v="10"/>
    <tag k="SITUA__O" v="EM OPERA&#xC7;&#xC3;O"/>
    <tag k="LATITUDE" v="-22.588400"/>
    <tag k="POT_NCIA" v="320.000 kM"/>
  </node>
  <node lat="-22.517053633" visible="true" lon="-53.016036422" id="-161">
    <tag k="USINA_ID" v="11"/>
    <tag k="NOME" v="PORTO PRIMAVERA"/>
    <tag k="PROPRIET_R" v="CESP - COMPANHIA ENERG&#xC9;TICA DE S&#xC3;O PAULO"/>
    <tag k="LONGITUDE" v="-53.016000"/>
    <tag k="GEO_ID" v="11"/>
    <tag k="SITUA__O" v="EM CONSTRU&#xC7;&#xC3;O"/>
    <tag k="LATITUDE" v="-22.517000"/>
    <tag k="POT_NCIA" v="1.814.000 kW"/>
  </node>
  <node lat="-22.560416928" visible="true" lon="-52.007369223" id="-162">
    <tag k="USINA_ID" v="12"/>
    <tag k="NOME" v="TAQUARU&#xC7;U"/>
    <tag k="PROPRIET_R" v="CESP - COMPANHIA ENERG&#xC9;TICA DE S&#xC3;O PAULO"/>
    <tag k="LONGITUDE" v="-52.007400"/>
    <tag k="GEO_ID" v="12"/>
    <tag k="SITUA__O" v="EM CONSTRU&#xC7;&#xC3;O"/>
    <tag k="LATITUDE" v="-22.560300"/>
    <tag k="POT_NCIA" v="504.000 kW"/>
  </node>
  <node lat="-22.878924947" visible="true" lon="-50.329058173" id="-163">
    <tag k="USINA_ID" v="13"/>
    <tag k="NOME" v="PARI"/>
    <tag k="PROPRIET_R" v="EEVP - EMPRESA DE ELETRICIDADE VALE DO PARA&#xCD;BA"/>
    <tag k="LONGITUDE" v="-50.329100"/>
    <tag k="GEO_ID" v="13"/>
    <tag k="SITUA__O" v="EM OPERA&#xC7;&#xC3;O"/>
    <tag k="LATITUDE" v="-22.878800"/>
    <tag k="POT_NCIA" v="1.340 kW"/>
  </node>
  <node lat="-22.910969108" visible="true" lon="-50.024827961" id="-164">
    <tag k="USINA_ID" v="14"/>
    <tag k="NOME" v="L. N. GARCEZ/AMPLIAC"/>
    <tag k="PROPRIET_R" v="CESP - COMPANHIA ENERG&#xC9;TICA DE S&#xC3;O PAULO"/>
    <tag k="LONGITUDE" v="-50.024800"/>
    <tag k="GEO_ID" v="14"/>
    <tag k="SITUA__O" v="EM OPERA&#xC7;&#xC3;O"/>
    <tag k="LATITUDE" v="-22.910900"/>
    <tag k="POT_NCIA" v="70.380 kW/30.000 kW"/>
  </node>
  <node lat="-22.89318804" visible="true" lon="-49.84811314" id="-165">
    <tag k="USINA_ID" v="15"/>
    <tag k="NOME" v="ILHA"/>
    <tag k="PROPRIET_R" v="CESP - COMPANHIA ENERG&#xC9;TICA DE S&#xC3;O PAULO"/>
    <tag k="LONGITUDE" v="-49.848100"/>
    <tag k="GEO_ID" v="15"/>
    <tag k="SITUA__O" v="INVENT&#xC1;RIO"/>
    <tag k="LATITUDE" v="-22.893100"/>
    <tag k="POT_NCIA" v="4.000 kW"/>
  </node>
  <node lat="-22.906345063" visible="true" lon="-49.631754303" id="-166">
    <tag k="USINA_ID" v="16"/>
    <tag k="NOME" v="STA. CRUZ ALTO"/>
    <tag k="PROPRIET_R" v="CLFSC - COMPANHIA LUZ E FOR&#xC7;A SANTA CRUZ"/>
    <tag k="LONGITUDE" v="-49.631800"/>
    <tag k="GEO_ID" v="16"/>
    <tag k="SITUA__O" v="INVENT&#xC1;RIO"/>
    <tag k="LATITUDE" v="-22.906300"/>
    <tag k="POT_NCIA" v="14.920 kW"/>
  </node>
  <node lat="-22.892451975" visible="true" lon="-49.406443258" id="-167">
    <tag k="USINA_ID" v="17"/>
    <tag k="NOME" v="PEDRA BRANCA"/>
    <tag k="PROPRIET_R" v="CLFSC - COMPANHIA LUZ E FOR&#xC7;A SANTA CRUZ"/>
    <tag k="LONGITUDE" v="-49.406500"/>
    <tag k="GEO_ID" v="17"/>
    <tag k="SITUA__O" v="INVENT&#xC1;RIO"/>
    <tag k="LATITUDE" v="-22.892400"/>
    <tag k="POT_NCIA" v="12.740 kW"/>
  </node>
  <node lat="-22.835829777" visible="true" lon="-49.140040218" id="-168">
    <tag k="USINA_ID" v="18"/>
    <tag k="NOME" v="RIO NOVO ALTO"/>
    <tag k="PROPRIET_R" v="CLFSC - COMPANHIA LUZ E FOR&#xC7;A SANTA CRUZ"/>
    <tag k="LONGITUDE" v="-49.140000"/>
    <tag k="GEO_ID" v="18"/>
    <tag k="SITUA__O" v="INVENT&#xC1;RIO"/>
    <tag k="LATITUDE" v="-22.835800"/>
    <tag k="POT_NCIA" v="25.460 kW"/>
  </node>
  <node lat="-22.94356619" visible="true" lon="-50.503985944" id="-169">
    <tag k="USINA_ID" v="19"/>
    <tag k="NOME" v="CANOAS I"/>
    <tag k="PROPRIET_R" v="CESP - COMPANHIA ENERG&#xC9;TICA DE S&#xC3;O PAULO"/>
    <tag k="LONGITUDE" v="-50.504000"/>
    <tag k="GEO_ID" v="19"/>
    <tag k="SITUA__O" v="EM CONSTRU&#xC7;&#xC3;O"/>
    <tag k="LATITUDE" v="-22.943500"/>
    <tag k="POT_NCIA" v="82.500 kW"/>
  </node>
  <node lat="-22.93355613" visible="true" lon="-50.290065978" id="-170">
    <tag k="USINA_ID" v="20"/>
    <tag k="NOME" v="CANOAS II"/>
    <tag k="PROPRIET_R" v="CESP - COMPANHIA ENERG&#xC9;TICA DE S&#xC3;O PAULO"/>
    <tag k="LONGITUDE" v="-50.290100"/>
    <tag k="GEO_ID" v="20"/>
    <tag k="SITUA__O" v="EM CONSTRU&#xC7;&#xC3;O"/>
    <tag k="LATITUDE" v="-22.933500"/>
    <tag k="POT_NCIA" v="72.000 kW"/>
  </node>
  <node lat="-24.639351016" visible="true" lon="-49.153943079" id="-171">
    <tag k="USINA_ID" v="21"/>
    <tag k="NOME" v="CATAS ALTAS"/>
    <tag k="PROPRIET_R" v="SGUARI - IND&#xDA;STRIA COM&#xC9;RCIO E CULTURA DE MADEIRAS SGUARIOS S.A."/>
    <tag k="LONGITUDE" v="-49.154000"/>
    <tag k="GEO_ID" v="21"/>
    <tag k="SITUA__O" v="EM OPERA&#xC7;&#xC3;O"/>
    <tag k="LATITUDE" v="-24.639300"/>
    <tag k="POT_NCIA" v="1.700 kW"/>
  </node>
  <node lat="-24.673009174" visible="true" lon="-49.14020196" id="-172">
    <tag k="USINA_ID" v="22"/>
    <tag k="NOME" v="TIJUCO"/>
    <tag k="PROPRIET_R" v="CBA - COMPANHIA BRASILEIRA DE ALUM&#xCD;NIO"/>
    <tag k="LONGITUDE" v="-49.140200"/>
    <tag k="GEO_ID" v="22"/>
    <tag k="SITUA__O" v="PROJETO B&#xC1;SICO"/>
    <tag k="LATITUDE" v="-24.672900"/>
    <tag k="POT_NCIA" v="150.000 kW"/>
  </node>
  <node lat="-23.143335832" visible="true" lon="-49.502582654" id="-173">
    <tag k="USINA_ID" v="23"/>
    <tag k="NOME" v="PIRAJU"/>
    <tag k="PROPRIET_R" v="CLFSC - COMPANHIA LUZ E FOR&#xC7;A SANTA CRUZ"/>
    <tag k="LONGITUDE" v="-49.502600"/>
    <tag k="GEO_ID" v="23"/>
    <tag k="SITUA__O" v="EM OPERA&#xC7;&#xC3;O"/>
    <tag k="LATITUDE" v="-23.143300"/>
    <tag k="POT_NCIA" v="150.000 kW"/>
  </node>
  <node lat="-23.059465531" visible="true" lon="-49.898609362" id="-174">
    <tag k="USINA_ID" v="24"/>
    <tag k="NOME" v="OURINHOS"/>
    <tag k="PROPRIET_R" v="CESP - COMPANHIA ENERG&#xC9;TICA DE S&#xC3;O PAULO"/>
    <tag k="LONGITUDE" v="-49.898600"/>
    <tag k="GEO_ID" v="24"/>
    <tag k="SITUA__O" v="VIABILIDADE"/>
    <tag k="LATITUDE" v="-23.059400"/>
    <tag k="POT_NCIA" v="45.000 kW"/>
  </node>
  <node lat="-22.935177156" visible="true" lon="-49.906065373" id="-175">
    <tag k="USINA_ID" v="25"/>
    <tag k="NOME" v="FOZ DO TURVO"/>
    <tag k="PROPRIET_R" v="CESP - COMPANHIA ENERG&#xC9;TICA DE S&#xC3;O PAULO"/>
    <tag k="LONGITUDE" v="-49.906100"/>
    <tag k="GEO_ID" v="25"/>
    <tag k="SITUA__O" v="INVENT&#xC1;RIO"/>
    <tag k="LATITUDE" v="-22.935100"/>
    <tag k="POT_NCIA" v="8.600 kW"/>
  </node>
  <node lat="-22.96971428" visible="true" lon="-49.865991287" id="-176">
    <tag k="USINA_ID" v="26"/>
    <tag k="NOME" v="S. JOSE ALTO"/>
    <tag k="PROPRIET_R" v="CLFSC - COMPANHIA LUZ E FOR&#xC7;A SANTA CRUZ"/>
    <tag k="LONGITUDE" v="-49.866000"/>
    <tag k="GEO_ID" v="26"/>
    <tag k="SITUA__O" v="INVENT&#xC1;RIO"/>
    <tag k="LATITUDE" v="-22.969600"/>
    <tag k="POT_NCIA" v="20.710 kW"/>
  </node>
  <node lat="-23.11711877" visible="true" lon="-49.730630675" id="-177">
    <tag k="USINA_ID" v="27"/>
    <tag k="NOME" v="XAVANTES"/>
    <tag k="PROPRIET_R" v="CESP - COMPANHIA ENERG&#xC9;TICA DE S&#xC3;O PAULO"/>
    <tag k="LONGITUDE" v="-49.730600"/>
    <tag k="GEO_ID" v="27"/>
    <tag k="SITUA__O" v="EM OPERA&#xC7;&#xC3;O"/>
    <tag k="LATITUDE" v="-23.117000"/>
    <tag k="POT_NCIA" v="414.000 kW"/>
  </node>
  <node lat="-24.132758332" visible="true" lon="-49.346264915" id="-178">
    <tag k="USINA_ID" v="28"/>
    <tag k="NOME" v="POCO PRETO"/>
    <tag k="PROPRIET_R" v="MARING - COMPANHIA DE CIMENTO PORTLAND MARING&#xC1;"/>
    <tag k="LONGITUDE" v="-49.346300"/>
    <tag k="GEO_ID" v="28"/>
    <tag k="SITUA__O" v="EM OPERA&#xC7;&#xC3;O"/>
    <tag k="LATITUDE" v="-24.132700"/>
    <tag k="POT_NCIA" v="3.200 kW"/>
  </node>
  <node lat="-23.214467104" visible="true" lon="-49.228198555" id="-179">
    <tag k="USINA_ID" v="29"/>
    <tag k="NOME" v="A.A. LAYDNER"/>
    <tag k="PROPRIET_R" v="CESP - COMPANHIA ENERG&#xC9;TICA DE S&#xC3;O PAULO"/>
    <tag k="LONGITUDE" v="-49.228200"/>
    <tag k="GEO_ID" v="29"/>
    <tag k="SITUA__O" v="EM OPERA&#xC7;&#xC3;O"/>
    <tag k="LATITUDE" v="-23.214400"/>
    <tag k="POT_NCIA" v="97.950 kW"/>
  </node>
  <node lat="-23.261725292" visible="true" lon="-49.480489622" id="-180">
    <tag k="USINA_ID" v="30"/>
    <tag k="NOME" v="BOA VISTA"/>
    <tag k="PROPRIET_R" v="CLFSC - COMPANHIA LUZ E FOR&#xC7;A SANTA CRUZ"/>
    <tag k="LONGITUDE" v="-49.480500"/>
    <tag k="GEO_ID" v="30"/>
    <tag k="SITUA__O" v="EM OPERA&#xC7;&#xC3;O"/>
    <tag k="LATITUDE" v="-23.261600"/>
    <tag k="POT_NCIA" v="800 kW"/>
  </node>
  <node lat="-23.137526788" visible="true" lon="-49.45978151" id="-181">
    <tag k="USINA_ID" v="31"/>
    <tag k="NOME" v="PIRAJU"/>
    <tag k="PROPRIET_R" v="CLFSC - COMPANHIA LUZ E FOR&#xC7;A SANTA CRUZ"/>
    <tag k="LONGITUDE" v="-49.459800"/>
    <tag k="GEO_ID" v="31"/>
    <tag k="SITUA__O" v="EM OPERA&#xC7;&#xC3;O"/>
    <tag k="LATITUDE" v="-23.137400"/>
    <tag k="POT_NCIA" v="18.000 kW"/>
  </node>
  <node lat="-19.871944527" visible="true" lon="-50.351121376" id="-182">
    <tag k="USINA_ID" v="32"/>
    <tag k="NOME" v="AGUA VERMELHA"/>
    <tag k="PROPRIET_R" v="CESP - COMPANHIA ENERG&#xC9;TICA DE S&#xC3;O PAULO"/>
    <tag k="LONGITUDE" v="-50.351100"/>
    <tag k="GEO_ID" v="32"/>
    <tag k="SITUA__O" v="EM OPERA&#xC7;&#xC3;O"/>
    <tag k="LATITUDE" v="-19.871900"/>
    <tag k="POT_NCIA" v="1.380.000 kM"/>
  </node>
  <node lat="-21.116592905" visible="true" lon="-50.243160876" id="-183">
    <tag k="USINA_ID" v="33"/>
    <tag k="NOME" v="NOVA AVANHANDAVA"/>
    <tag k="PROPRIET_R" v="CESP - COMPANHIA ENERG&#xC9;TICA DE S&#xC3;O PAULO"/>
    <tag k="LONGITUDE" v="-50.243200"/>
    <tag k="GEO_ID" v="33"/>
    <tag k="SITUA__O" v="EM OPERA&#xC7;&#xC3;O"/>
    <tag k="LATITUDE" v="-21.116500"/>
    <tag k="POT_NCIA" v="302.400 kW"/>
  </node>
  <node lat="-21.965693863" visible="true" lon="-50.881619578" id="-184">
    <tag k="USINA_ID" v="34"/>
    <tag k="NOME" v="QUATIARA"/>
    <tag k="PROPRIET_R" v="CSE - CAIU&#xC1; - SERVI&#xC7;OS DE ELETRICIDADE S.A."/>
    <tag k="LONGITUDE" v="-50.881600"/>
    <tag k="GEO_ID" v="34"/>
    <tag k="SITUA__O" v="EM OPERA&#xC7;&#xC3;O"/>
    <tag k="LATITUDE" v="-21.965600"/>
    <tag k="POT_NCIA" v="2.540 kW"/>
  </node>
  <node lat="-22.439134505" visible="true" lon="-51.273511125" id="-185">
    <tag k="USINA_ID" v="35"/>
    <tag k="NOME" v="LAR DOCE"/>
    <tag k="PROPRIET_R" v="CSE - CAIU&#xC1; - SERVI&#xC7;OS DE ELETRICIDADE S.A."/>
    <tag k="LONGITUDE" v="-51.273500"/>
    <tag k="GEO_ID" v="35"/>
    <tag k="SITUA__O" v="EM OPERA&#xC7;&#xC3;O"/>
    <tag k="LATITUDE" v="-22.439100"/>
    <tag k="POT_NCIA" v="720 kW"/>
  </node>
  <node lat="-22.657868198" visible="true" lon="-51.397393698" id="-186">
    <tag k="USINA_ID" v="36"/>
    <tag k="NOME" v="CAPIVARA"/>
    <tag k="PROPRIET_R" v="CESP - COMPANHIA ENERG&#xC9;TICA DE S&#xC3;O PAULO"/>
    <tag k="LONGITUDE" v="-51.397400"/>
    <tag k="GEO_ID" v="36"/>
    <tag k="SITUA__O" v="EM OPERA&#xC7;&#xC3;O"/>
    <tag k="LATITUDE" v="-22.657800"/>
    <tag k="POT_NCIA" v="640.000 kW"/>
  </node>
  <node lat="-20.680445306" visible="true" lon="-51.312847307" id="-187">
    <tag k="USINA_ID" v="37"/>
    <tag k="NOME" v="3 IRMAOS"/>
    <tag k="PROPRIET_R" v="CESP - COMPANHIA ENERG&#xC9;TICA DE S&#xC3;O PAULO"/>
    <tag k="LONGITUDE" v="-51.312800"/>
    <tag k="GEO_ID" v="37"/>
    <tag k="SITUA__O" v="EM CONSTRU&#xC7;&#xC3;O"/>
    <tag k="LATITUDE" v="-20.680400"/>
    <tag k="POT_NCIA" v="1.292.000 kM"/>
  </node>
</osm>
